{
"type": "FeatureCollection",
"generated_at": "2026-09-14T09:36:54+00:00",
"counts": {"apartments": 729},
"feeds": {"krisha": {"status": "ok", "count": 729}, "roads": {"status": "ok", "count": 0}, "goszakup": {"status": "ok", "count": 0}},
"today": "2026-09-14",
"features": [
{"type":"Feature","id":"krisha:12mesyacev","geometry":{"type":"Point","coordinates":[76.918002,43.26518]},"properties":{"id":"krisha:12mesyacev","category":"apartments","name":"ЖК 12 месяцев","builder":"Qazaqstroy","address":"Алматы, Алмалинский р-н, ул. Муратбаева, 14","status":"done","deadline":"2025-03-31","started_at":"2025-07-01","stage_note":"2 очереди сданы","source_url":"https://krisha.kz/complex/show/almaty/12mesyacev/","updated_at":"2026-09-14T07:43:58+00:00"}},
{"type":"Feature","id":"krisha:1stbybi","geometry":{"type":"Point","coordinates":[76.875323,43.194274]},"properties":{"id":"krisha:1stbybi","category":"apartments","name":"ЖК 1st by BI","builder":"BI Group Юг","address":"Алматы, Бостандыкский р-н, ул. Саина, 1а/1","status":"in_progress","deadline":"2026-12-31","started_at":"2025-07-01","stage_note":"1-я очередь из 2, сдача Q3 2026","source_url":"https://krisha.kz/complex/show/almaty/1stbybi/","updated_at":"2026-09-14T07:40:28+00:00"}},
{"type":"Feature","id":"krisha:4hills","geometry":{"type":"Point","coordinates":[76.897626,43.17628]},"properties":{"id":"krisha:4hills","category":"apartments","name":"ЖК 4Hills","builder":"ТОО Lider Company KZ","address":"Алматы, ул. Казыбек Тауасарулы","status":"in_progress","deadline":"2021-12-31","started_at":null,"stage_note":null,"source_url":"https://krisha.kz/complex/show/almaty/4hills/","updated_at":"2026-09-14T07:50:18+00:00"}},
{"type":"Feature","id":"krisha:4you","geometry":{"type":"Point","coordinates":[76.895041,43.207909]},"properties":{"id":"krisha:4you","category":"apartments","name":"ЖК 4YOU","builder":"BI Group Юг","address":"Алматы, Бостандыкский р-н, ул. Розыбакиева, 320","status":"done","deadline":"2023-12-31","started_at":"2022-01-01","stage_note":"4 очереди сданы","source_url":"https://krisha.kz/complex/show/almaty/4you/","updated_at":"2026-09-14T07:50:15+00:00"}},
{"type":"Feature","id":"krisha:7sunury","geometry":{"type":"Point","coordinates":[76.841476,43.220513]},"properties":{"id":"krisha:7sunury","category":"apartments","name":"ЖК 7Su Nury","builder":"ТОО «СК Алматау Строй Гарант»","address":"Алматы, Ауэзовский р-н, Жетысу-3, дом 55А","status":"done","deadline":"2025-06-30","started_at":null,"stage_note":null,"source_url":"https://krisha.kz/complex/show/almaty/7sunury/","updated_at":"2026-09-14T07:40:19+00:00"}},
{"type":"Feature","id":"krisha:Baikonyr","geometry":{"type":"Point","coordinates":[76.92885,43.240112]},"properties":{"id":"krisha:Baikonyr","category":"apartments","name":"ЖК Baikonyr","builder":"NOVEC","address":"Алматы, Бостандыкский р-н, ул. Кашгарская, 77","status":"in_progress","deadline":"2020-12-31","started_at":null,"stage_note":null,"source_url":"https://krisha.kz/complex/show/almaty/Baikonyr/","updated_at":"2026-09-14T09:22:57+00:00"}},
{"type":"Feature","id":"krisha:Birlik","geometry":{"type":"Point","coordinates":[76.79217,43.252134]},"properties":{"id":"krisha:Birlik","category":"apartments","name":"ЖК Birlik","builder":"Vertical Development","address":"Алматы, ул. Шаттык, 24а","status":"in_progress","deadline":"2025-03-31","started_at":"2025-07-01","stage_note":null,"source_url":"https://krisha.kz/complex/show/almaty/Birlik/","updated_at":"2026-09-14T07:42:48+00:00"}},
{"type":"Feature","id":"krisha:Suly-tan","geometry":{"type":"Point","coordinates":[76.975086,43.316733]},"properties":{"id":"krisha:Suly-tan","category":"apartments","name":"ЖК Suly’ Tan","builder":"Тоо Talas Capital","address":"Алматы, Турксибский р-н, ул. Федосеева, 38В","status":"in_progress","deadline":"2019-03-31","started_at":null,"stage_note":null,"source_url":"https://krisha.kz/complex/show/almaty/Suly-tan/","updated_at":"2026-09-14T09:25:32+00:00"}},
{"type":"Feature","id":"krisha:abai","geometry":{"type":"Point","coordinates":[76.932915,43.238921]},"properties":{"id":"krisha:abai","category":"apartments","name":"Клубный дом Abay","builder":"Tastai Development","address":"Алматы, Алмалинский р-н, просп. Сейфуллина - ул. Сатпаева","status":"in_progress","deadline":"2021-03-31","started_at":"2022-01-01","stage_note":null,"source_url":"https://krisha.kz/complex/show/almaty/abai/","updated_at":"2026-09-14T07:50:20+00:00"}},
{"type":"Feature","id":"krisha:abay-130","geometry":{"type":"Point","coordinates":[76.887053,43.236931]},"properties":{"id":"krisha:abay-130","category":"apartments","name":"ЖК Abay 130","builder":"Tau Development","address":"Алматы, Бостандыкский р-н, проспект Абая, 130","status":"done","deadline":"2025-03-31","started_at":"2023-10-01","stage_note":"6 очередей сдано","source_url":"https://krisha.kz/complex/show/abay-130/","updated_at":"2026-09-14T07:46:10+00:00"}},
{"type":"Feature","id":"krisha:abayresidence","geometry":{"type":"Point","coordinates":[76.909777,43.238685]},"properties":{"id":"krisha:abayresidence","category":"apartments","name":"ЖК Abay Residence","builder":"Рамс Казахстан","address":"Алматы, Бостандыкский р-н, ул. Манаса, 24в","status":"in_progress","deadline":"2011-12-31","started_at":null,"stage_note":null,"source_url":"https://krisha.kz/complex/show/almaty/abayresidence/","updated_at":"2026-09-14T09:32:04+00:00"}},
{"type":"Feature","id":"krisha:abylaikhanaprtments","geometry":{"type":"Point","coordinates":[76.946613,43.334307]},"properties":{"id":"krisha:abylaikhanaprtments","category":"apartments","name":"ЖК Abylaikhan Apartments","builder":"ТОО Abylaikhan Construction","address":"Алматы, ул. Спартака, 30а","status":"in_progress","deadline":"2023-06-30","started_at":"2022-01-01","stage_note":null,"source_url":"https://krisha.kz/complex/show/almaty/abylaikhanaprtments/","updated_at":"2026-09-14T07:46:14+00:00"}},
{"type":"Feature","id":"krisha:adal-residence","geometry":{"type":"Point","coordinates":[76.936839,43.22493]},"properties":{"id":"krisha:adal-residence","category":"apartments","name":"ЖК Adal Residence","builder":"KM Group-2004","address":"Алматы, Бостандыкский р-н, ул. Маркова, 75 – пр. Аль-Фараби","status":"in_progress","deadline":"2013-12-31","started_at":null,"stage_note":null,"source_url":"https://krisha.kz/complex/show/almaty/adal-residence/","updated_at":"2026-09-14T09:31:00+00:00"}},
{"type":"Feature","id":"krisha:adele","geometry":{"type":"Point","coordinates":[76.863757,43.25452]},"properties":{"id":"krisha:adele","category":"apartments","name":"ЖК ADELE","builder":"Qazaqstroy","address":"Алматы, Ауэзовский р-н, ул. Райымбека, 348/1 к1-7","status":"in_progress","deadline":"2024-03-31","started_at":"2023-01-01","stage_note":null,"source_url":"https://krisha.kz/complex/show/almaty/adele/","updated_at":"2026-09-14T07:44:07+00:00"}},
{"type":"Feature","id":"krisha:ademvillage","geometry":{"type":"Point","coordinates":[76.853933,43.162178]},"properties":{"id":"krisha:ademvillage","category":"apartments","name":"ЖК Adem Village","builder":"ABS Group","address":"Алматы, Наурызбайский р-н, ул. Тажиева","status":"in_progress","deadline":"2018-06-30","started_at":null,"stage_note":null,"source_url":"https://krisha.kz/complex/show/almaty/ademvillage/","updated_at":"2026-09-14T09:25:51+00:00"}},
{"type":"Feature","id":"krisha:adiet","geometry":{"type":"Point","coordinates":[76.83544,43.241308]},"properties":{"id":"krisha:adiet","category":"apartments","name":"ЖК Адиет","builder":"Alshyn","address":"Алматы, Ауэзовский р-н, Аксай - 1, участок 11/7","status":"in_progress","deadline":"2018-09-30","started_at":null,"stage_note":null,"source_url":"https://krisha.kz/complex/show/adiet/","updated_at":"2026-09-14T09:25:53+00:00"}},
{"type":"Feature","id":"krisha:admiral","geometry":{"type":"Point","coordinates":[76.935663,43.224765]},"properties":{"id":"krisha:admiral","category":"apartments","name":"ЖК Admiral","builder":"ТОО Tauman Qurylys","address":"Алматы, Бостандыкский р-н, ул. Нахимова, 51","status":"done","deadline":"2023-03-31","started_at":"2022-01-01","stage_note":"2 очереди сданы","source_url":"https://krisha.kz/complex/show/almaty/admiral/","updated_at":"2026-09-14T07:47:53+00:00"}},
{"type":"Feature","id":"krisha:afd-plaza","geometry":{"type":"Point","coordinates":[76.942977,43.228904]},"properties":{"id":"krisha:afd-plaza","category":"apartments","name":"ЖК AFD PLAZA","builder":"Halyk Active","address":"Алматы, Бостандыкский р-н, пр. Аль-Фараби, 21","status":"in_progress","deadline":"2014-12-31","started_at":null,"stage_note":null,"source_url":"https://krisha.kz/complex/show/almaty/afd-plaza/","updated_at":"2026-09-14T09:30:19+00:00"}},
{"type":"Feature","id":"krisha:agat","geometry":{"type":"Point","coordinates":[76.871021,43.232081]},"properties":{"id":"krisha:agat","category":"apartments","name":"ЖК Agat","builder":"NOVEC","address":"Алматы, Ауэзовский р-н, ул. Сатпаева, 145/1","status":"in_progress","deadline":"2021-06-30","started_at":"2022-01-01","stage_note":null,"source_url":"https://krisha.kz/complex/show/almaty/agat/","updated_at":"2026-09-14T07:50:22+00:00"}},
{"type":"Feature","id":"krisha:aina","geometry":{"type":"Point","coordinates":[76.912212,43.312978]},"properties":{"id":"krisha:aina","category":"apartments","name":"ЖК Айна","builder":"Estateman","address":"Алматы, Айнабулак 2-й микрорайон, 40Б стр","status":"in_progress","deadline":"2019-12-31","started_at":null,"stage_note":null,"source_url":"https://krisha.kz/complex/show/almaty/aina/","updated_at":"2026-09-14T09:24:58+00:00"}},
{"type":"Feature","id":"krisha:ainabulak","geometry":{"type":"Point","coordinates":[76.909291,43.313706]},"properties":{"id":"krisha:ainabulak","category":"apartments","name":"ЖК Айнабулак 33/2","builder":"Центр СМР","address":"Алматы, Жетысуский р-н, мкр. Айнабулак, участок 33/2","status":"in_progress","deadline":"2024-09-30","started_at":"2023-10-01","stage_note":null,"source_url":"https://krisha.kz/complex/show/almaty/ainabulak/","updated_at":"2026-09-14T07:44:02+00:00"}},
{"type":"Feature","id":"krisha:aisafi","geometry":{"type":"Point","coordinates":[76.832913,43.297969]},"properties":{"id":"krisha:aisafi","category":"apartments","name":"ЖК Aisafi","builder":"Magistral-S","address":"Алматы, Алатауский р-н, Микрорайон 20, ул. Басаркобыз, 1/15","status":"done","deadline":"2025-06-30","started_at":"2025-07-01","stage_note":"3 очереди сданы","source_url":"https://krisha.kz/complex/show/almaty/aisafi/","updated_at":"2026-09-14T07:44:09+00:00"}},
{"type":"Feature","id":"krisha:aisulu","geometry":{"type":"Point","coordinates":[76.946638,43.269244]},"properties":{"id":"krisha:aisulu","category":"apartments","name":"ЖК Айсулу","builder":"Tarlan Development","address":"Алматы, Медеуский р-н, ул. Кунаева, 15/1","status":"in_progress","deadline":"2017-12-31","started_at":null,"stage_note":null,"source_url":"https://krisha.kz/complex/show/almaty/aisulu/","updated_at":"2026-09-14T09:27:58+00:00"}},
{"type":"Feature","id":"krisha:aizereandadelina","geometry":{"type":"Point","coordinates":[77.01523,43.414885]},"properties":{"id":"krisha:aizereandadelina","category":"apartments","name":"Таунхаус Айзере & Аделина","builder":"Жумадилов Ж.А.","address":"Алматы, Алматинская область, Илийский район, с. Отеген батыр, мкр. Куат","status":"in_progress","deadline":"2022-12-31","started_at":null,"stage_note":null,"source_url":"https://krisha.kz/complex/show/aizereandadelina/","updated_at":"2026-09-14T07:47:51+00:00"}},
{"type":"Feature","id":"krisha:ajelita","geometry":{"type":"Point","coordinates":[76.913334,43.207868]},"properties":{"id":"krisha:ajelita","category":"apartments","name":"ЖК Аэлита","builder":"TS Engineering","address":"Алматы, Бостандыкский р-н, г. Алматы, пр. Аль-Фараби, 95, 97, 99, 101 – Ходжанова","status":"in_progress","deadline":"2006-06-30","started_at":null,"stage_note":null,"source_url":"https://krisha.kz/complex/show/almaty/ajelita/","updated_at":"2026-09-14T09:35:02+00:00"}},
{"type":"Feature","id":"krisha:ajgerim","geometry":{"type":"Point","coordinates":[76.893641,43.195573]},"properties":{"id":"krisha:ajgerim","category":"apartments","name":"ЖК Айгерим","builder":"Корпорация Астана-Стройинвест ТОО","address":"Алматы, Бостандыкский р-н, ул. Розыбакиева, 289","status":"in_progress","deadline":"2012-12-31","started_at":null,"stage_note":null,"source_url":"https://krisha.kz/complex/show/almaty/ajgerim/","updated_at":"2026-09-14T09:31:40+00:00"}},
{"type":"Feature","id":"krisha:ak-alem","geometry":{"type":"Point","coordinates":[76.940439,43.245123]},"properties":{"id":"krisha:ak-alem","category":"apartments","name":"ЖК Ак Алем","builder":"Tarlan Development","address":"Алматы, Алмалинский р-н, ул. Шевченко, 78 — Желтоксан, 155","status":"in_progress","deadline":"2015-06-30","started_at":null,"stage_note":null,"source_url":"https://krisha.kz/complex/show/almaty/ak-alem/","updated_at":"2026-09-14T09:29:25+00:00"}},
{"type":"Feature","id":"krisha:ak-bota","geometry":{"type":"Point","coordinates":[76.946045,43.210362]},"properties":{"id":"krisha:ak-bota","category":"apartments","name":"ЖК Ак Бота","builder":"BAZIS–А","address":"Алматы, Медеуский р-н, ул. Жамакаева, 258/5-12","status":"in_progress","deadline":"2009-06-30","started_at":null,"stage_note":null,"source_url":"https://krisha.kz/complex/show/almaty/ak-bota/","updated_at":"2026-09-14T09:32:55+00:00"}},
{"type":"Feature","id":"krisha:ak-kayyn","geometry":{"type":"Point","coordinates":[76.931651,43.256319]},"properties":{"id":"krisha:ak-kayyn","category":"apartments","name":"ЖК Ак-Кайын","builder":"Ардис ТОО","address":"Алматы, Алмалинский р-н, ул. Сейфуллина, 525 – Айтеке би","status":"in_progress","deadline":"2016-12-31","started_at":null,"stage_note":null,"source_url":"https://krisha.kz/complex/show/ak-kayyn/","updated_at":"2026-09-14T09:28:27+00:00"}},
{"type":"Feature","id":"krisha:ak-zhol-otau","geometry":{"type":"Point","coordinates":[76.846912,43.210786]},"properties":{"id":"krisha:ak-zhol-otau","category":"apartments","name":"ЖК Ак жол-Отау","builder":"Ак жол Алматы Строй","address":"Алматы, Ауэзовский р-н, мкр «Мамыр 1», 21/2 – улица Шаляпина","status":"in_progress","deadline":"2015-12-31","started_at":null,"stage_note":null,"source_url":"https://krisha.kz/complex/show/almaty/ak-zhol-otau/","updated_at":"2026-09-14T09:29:27+00:00"}},
{"type":"Feature","id":"krisha:akademija-na-valihanova-121","geometry":{"type":"Point","coordinates":[76.953572,43.248314]},"properties":{"id":"krisha:akademija-na-valihanova-121","category":"apartments","name":"ЖК Академия-1","builder":"ТОО СК Элитстрой","address":"Алматы, Медеуский р-н, ул. Жамбыла 26 – Уалиханова","status":"in_progress","deadline":"2004-06-30","started_at":null,"stage_note":null,"source_url":"https://krisha.kz/complex/show/almaty/akademija-na-valihanova-121/","updated_at":"2026-09-14T09:36:00+00:00"}},
{"type":"Feature","id":"krisha:akademiya-2","geometry":{"type":"Point","coordinates":[76.952372,43.248224]},"properties":{"id":"krisha:akademiya-2","category":"apartments","name":"ЖК Академия-2","builder":"ТОО СК Элитстрой","address":"Алматы, Медеуский р-н, ул. Уалиханова, 121 – Жамбыла","status":"in_progress","deadline":"2005-06-30","started_at":null,"stage_note":null,"source_url":"https://krisha.kz/complex/show/akademiya-2/","updated_at":"2026-09-14T09:35:35+00:00"}},
{"type":"Feature","id":"krisha:akbulak","geometry":{"type":"Point","coordinates":[76.826046,43.250677]},"properties":{"id":"krisha:akbulak","category":"apartments","name":"ЖК Акбулак","builder":"Астана-Курылыс","address":"Алматы, Алатауский р-н, ул. Чуланова, 117, 119, 121, 123, 125, 127, 129, 131 — Момышулы","status":"in_progress","deadline":"2008-03-31","started_at":null,"stage_note":null,"source_url":"https://krisha.kz/complex/show/almaty/akbulak/","updated_at":"2026-09-14T09:33:35+00:00"}},
{"type":"Feature","id":"krisha:akjartau","geometry":{"type":"Point","coordinates":[76.798535,43.173284]},"properties":{"id":"krisha:akjartau","category":"apartments","name":"ЖК Акжар Тау","builder":"Дорожник","address":"Алматы, Наурызбайский р-н, мкрн Акжар","status":"in_progress","deadline":"2021-12-31","started_at":null,"stage_note":null,"source_url":"https://krisha.kz/complex/show/almaty/akjartau/","updated_at":"2026-09-14T07:50:24+00:00"}},
{"type":"Feature","id":"krisha:akkent","geometry":{"type":"Point","coordinates":[76.810091,43.24134]},"properties":{"id":"krisha:akkent","category":"apartments","name":"ЖК Аккент","builder":"Алатау Құрылыс Сауда","address":"Алматы, Алатауский р-н, микрорайон Аккент, 90/3","status":"in_progress","deadline":"2026-12-31","started_at":"2022-01-01","stage_note":"7-я очередь из 8, сдача Q3 2026","source_url":"https://krisha.kz/complex/show/almaty/akkent/","updated_at":"2026-09-14T07:41:22+00:00"}},
{"type":"Feature","id":"krisha:akmaral","geometry":{"type":"Point","coordinates":[76.906209,43.247644]},"properties":{"id":"krisha:akmaral","category":"apartments","name":"ЖК Акмарал","builder":"APS Construction","address":"Алматы, Алмалинский р-н, ул. Нурмакова, 79 – Кабанбай батыра","status":"in_progress","deadline":"2009-03-31","started_at":null,"stage_note":null,"source_url":"https://krisha.kz/complex/show/almaty/akmaral/","updated_at":"2026-09-14T09:32:57+00:00"}},
{"type":"Feature","id":"krisha:akniet","geometry":{"type":"Point","coordinates":[76.840063,43.248582]},"properties":{"id":"krisha:akniet","category":"apartments","name":"ЖК Акниет","builder":"NOVEC","address":"Алматы, Алатауский р-н, пр. Райымбека, 483","status":"in_progress","deadline":"2018-12-31","started_at":null,"stage_note":null,"source_url":"https://krisha.kz/complex/show/almaty/akniet/","updated_at":"2026-09-14T09:25:55+00:00"}},
{"type":"Feature","id":"krisha:akvarel","geometry":{"type":"Point","coordinates":[76.881037,43.230754]},"properties":{"id":"krisha:akvarel","category":"apartments","name":"ЖК Акварель","builder":"BAZIS–А","address":"Алматы, Бостандыкский р-н, ул. Сатпаева 90 - ул. Туркебаева","status":"done","deadline":"2024-03-31","started_at":"2022-01-01","stage_note":"9 очередей сдано","source_url":"https://krisha.kz/complex/show/akvarel/","updated_at":"2026-09-14T09:25:58+00:00"}},
{"type":"Feature","id":"krisha:akzhar","geometry":{"type":"Point","coordinates":[76.806908,43.187583]},"properties":{"id":"krisha:akzhar","category":"apartments","name":"ЖК Акжар","builder":"Argymaq Montre","address":"Алматы, Наурызбайский р-н, ул. Даулеткерея 61","status":"in_progress","deadline":"2023-03-31","started_at":null,"stage_note":null,"source_url":"https://krisha.kz/complex/show/almaty/akzhar/","updated_at":"2026-09-14T07:46:16+00:00"}},
{"type":"Feature","id":"krisha:al-farabi","geometry":{"type":"Point","coordinates":[76.868241,43.180064]},"properties":{"id":"krisha:al-farabi","category":"apartments","name":"ЖК Аль-Фараби","builder":"ТОО СК Элитстрой","address":"Алматы, Наурызбайский р-н, ул. Аскарова Асанбая, 21","status":"in_progress","deadline":"2008-12-31","started_at":null,"stage_note":null,"source_url":"https://krisha.kz/complex/show/almaty/al-farabi/","updated_at":"2026-09-14T09:33:37+00:00"}},
{"type":"Feature","id":"krisha:alapark","geometry":{"type":"Point","coordinates":[76.88493,43.232298]},"properties":{"id":"krisha:alapark","category":"apartments","name":"ЖК ALA Park","builder":"BI Group Юг","address":"Алматы, Бостандыкский р-н, ул. Егизбаева, 3, 5 - ул. Каныша Сатпаева, 82, 82/1","status":"done","deadline":"2024-09-30","started_at":"2022-01-01","stage_note":"4 очереди сданы","source_url":"https://krisha.kz/complex/show/almaty/alapark/","updated_at":"2026-09-14T07:47:55+00:00"}},
{"type":"Feature","id":"krisha:alasharesidence","geometry":{"type":"Point","coordinates":[76.853936,43.198591]},"properties":{"id":"krisha:alasharesidence","category":"apartments","name":"ЖК Alasha Residence","builder":"Monolit Group","address":"Алматы, Ауэзовский р-н, ул. Шаймерденова, 32","status":"done","deadline":"2025-06-30","started_at":"2022-01-01","stage_note":"3 очереди сданы","source_url":"https://krisha.kz/complex/show/almaty/alasharesidence/","updated_at":"2026-09-14T07:46:18+00:00"}},
{"type":"Feature","id":"krisha:alatau","geometry":{"type":"Point","coordinates":[76.934774,43.226462]},"properties":{"id":"krisha:alatau","category":"apartments","name":"ЖК Алатау","builder":"МАК Алматыгорстрой","address":"Алматы, Бостандыкский р-н, Маркова, 61 — Попова","status":"in_progress","deadline":"2016-06-30","started_at":null,"stage_note":null,"source_url":"https://krisha.kz/complex/show/almaty/alatau/","updated_at":"2026-09-14T09:28:31+00:00"}},
{"type":"Feature","id":"krisha:alatau-azhary","geometry":{"type":"Point","coordinates":[76.625973,43.20337]},"properties":{"id":"krisha:alatau-azhary","category":"apartments","name":"ЖК Алатау Ажары","builder":"К-стройинвест","address":"Алматы, Каскелен, Аубай Байгазиева, 35Б","status":"in_progress","deadline":"2018-03-31","started_at":null,"stage_note":null,"source_url":"https://krisha.kz/complex/show/alatau-azhary/","updated_at":"2026-09-14T09:26:00+00:00"}},
{"type":"Feature","id":"krisha:alatau-golf-residences","geometry":{"type":"Point","coordinates":[76.808899,43.192854]},"properties":{"id":"krisha:alatau-golf-residences","category":"apartments","name":"ЖК Alatau Golf Residences","builder":"Cordial Construction","address":"Алматы, Наурызбайский р-н, мкр «Акжар», ул. Ер Тостык, 3","status":"in_progress","deadline":"2022-12-31","started_at":null,"stage_note":"3 очереди, последняя — Q4 2022","source_url":"https://krisha.kz/complex/show/alatau-golf-residences/","updated_at":"2026-09-14T09:22:44+00:00"}},
{"type":"Feature","id":"krisha:alatau-hills","geometry":{"type":"Point","coordinates":[76.96382,43.199272]},"properties":{"id":"krisha:alatau-hills","category":"apartments","name":"ЖК Alatau Hills","builder":"EMI","address":"Алматы, Медеуский р-н, ул. Оспанова, 85/52","status":"in_progress","deadline":"2020-12-31","started_at":null,"stage_note":"2 очереди, последняя — Q4 2020","source_url":"https://krisha.kz/complex/show/alatau-hills/","updated_at":"2026-09-14T09:26:04+00:00"}},
{"type":"Feature","id":"krisha:alatau-pljus-kg","geometry":{"type":"Point","coordinates":[76.811291,43.186578]},"properties":{"id":"krisha:alatau-pljus-kg","category":"apartments","name":"Коттеджный городок Алатау Плюс","builder":"Строй Сервис","address":"Алматы, Наурызбайский р-н, мкр «Тастыбулак», ул. Набережная, 2–24","status":"in_progress","deadline":"2008-09-30","started_at":null,"stage_note":null,"source_url":"https://krisha.kz/complex/show/almaty/alatau-pljus-kg/","updated_at":"2026-09-14T09:33:39+00:00"}},
{"type":"Feature","id":"krisha:alatau-prestizh","geometry":{"type":"Point","coordinates":[76.928236,43.243239]},"properties":{"id":"krisha:alatau-prestizh","category":"apartments","name":"ЖК Престиж Алатау","builder":"Tau-house development","address":"Алматы, Алмалинский р-н, ул. Кашгарская, 69/102 - ул. Курмангазы, 102/69","status":"in_progress","deadline":"2015-09-30","started_at":null,"stage_note":null,"source_url":"https://krisha.kz/complex/show/alatau-prestizh/","updated_at":"2026-09-14T09:29:29+00:00"}},
{"type":"Feature","id":"krisha:alatauhouse","geometry":{"type":"Point","coordinates":[76.990927,43.32162]},"properties":{"id":"krisha:alatauhouse","category":"apartments","name":"ЖК Alatau House","builder":"GlavStroy","address":"Алматы, Турксибский р-н, Кайрат м-н, ПК Кунаева, 28/1","status":"in_progress","deadline":"2025-03-31","started_at":null,"stage_note":null,"source_url":"https://krisha.kz/complex/show/almaty/alatauhouse/","updated_at":"2026-09-14T07:42:37+00:00"}},
{"type":"Feature","id":"krisha:alatauvillage","geometry":{"type":"Point","coordinates":[77.05748,43.339076]},"properties":{"id":"krisha:alatauvillage","category":"apartments","name":"Коттеджный городок Alatau Village","builder":"Hayat Construction Group","address":"Алматы, Алматинская область, Талгарский район, с. Туздыбастау","status":"in_progress","deadline":"2018-12-31","started_at":null,"stage_note":null,"source_url":"https://krisha.kz/complex/show/almaty/alatauvillage/","updated_at":"2026-09-14T09:26:02+00:00"}},
{"type":"Feature","id":"krisha:alatown","geometry":{"type":"Point","coordinates":[76.821309,43.205402]},"properties":{"id":"krisha:alatown","category":"apartments","name":"ЖК ALA Town","builder":"BI Group Юг","address":"Алматы, Наурызбайский р-н, ул. Талжанова, участок 1А","status":"done","deadline":"2025-06-30","started_at":"2025-07-01","stage_note":null,"source_url":"https://krisha.kz/complex/show/almaty/alatown/","updated_at":"2026-09-14T07:42:35+00:00"}},
{"type":"Feature","id":"krisha:alem-kg","geometry":{"type":"Point","coordinates":[76.96886,43.207079]},"properties":{"id":"krisha:alem-kg","category":"apartments","name":"Коттеджный городок Алем","builder":"ТОО СК Элитстрой","address":"Алматы, Медеуский р-н, Достык — Оспанова","status":"in_progress","deadline":"2008-09-30","started_at":null,"stage_note":null,"source_url":"https://krisha.kz/complex/show/almaty/alem-kg/","updated_at":"2026-09-14T09:33:41+00:00"}},
{"type":"Feature","id":"krisha:alem-lem","geometry":{"type":"Point","coordinates":[76.8219,43.236405]},"properties":{"id":"krisha:alem-lem","category":"apartments","name":"ЖК Алем (Әлем)","builder":"Корпорация Арт-Медиа","address":"Алматы, Ауэзовский р-н, мкр «Аксай-3б», 30а","status":"in_progress","deadline":"2014-06-30","started_at":null,"stage_note":null,"source_url":"https://krisha.kz/complex/show/alem-lem/","updated_at":"2026-09-14T09:30:21+00:00"}},
{"type":"Feature","id":"krisha:alemcity","geometry":{"type":"Point","coordinates":[76.787428,43.207633]},"properties":{"id":"krisha:alemcity","category":"apartments","name":"ЖК Alem City","builder":"Qazaqstroy","address":"Алматы, Наурызбайский р-н, мкр. Шугыла, 340/3 - 340/3к17, 340/8 - 340/8 к5","status":"in_progress","deadline":"2024-09-30","started_at":"2023-04-01","stage_note":"4 очереди, последняя — Q3 2024","source_url":"https://krisha.kz/complex/show/almaty/alemcity/","updated_at":"2026-09-14T07:50:28+00:00"}},
{"type":"Feature","id":"krisha:alfarabi","geometry":{"type":"Point","coordinates":[76.940733,43.227276]},"properties":{"id":"krisha:alfarabi","category":"apartments","name":"ЖК AL’FARABI 27","builder":"BAZIS–А","address":"Алматы, Бостандыкский р-н, ул. Аль-Фараби - ул. Сейфуллина","status":"done","deadline":"2024-12-31","started_at":"2022-01-01","stage_note":"2 очереди сданы","source_url":"https://krisha.kz/complex/show/almaty/alfarabi/","updated_at":"2026-09-14T07:47:49+00:00"}},
{"type":"Feature","id":"krisha:algabas-kg","geometry":{"type":"Point","coordinates":[76.803417,43.239729]},"properties":{"id":"krisha:algabas-kg","category":"apartments","name":"Коттеджный городок Алгабас","builder":"Hold Trading Company","address":"Алматы, Алатауский р-н, ул. Самал, 1–33, ул. Жастар, 1–25","status":"in_progress","deadline":"2011-03-31","started_at":null,"stage_note":null,"source_url":"https://krisha.kz/complex/show/almaty/algabas-kg/","updated_at":"2026-09-14T09:32:07+00:00"}},
{"type":"Feature","id":"krisha:alim","geometry":{"type":"Point","coordinates":[76.835465,43.219965]},"properties":{"id":"krisha:alim","category":"apartments","name":"ЖК Alim","builder":"MIDDLEMAN","address":"Алматы, Ауэзовский р-н, мкр «Достык», ул. Садвакасова, 35","status":"in_progress","deadline":"2018-06-30","started_at":null,"stage_note":null,"source_url":"https://krisha.kz/complex/show/alim/","updated_at":"2026-09-14T09:26:06+00:00"}},
{"type":"Feature","id":"krisha:alkeymargulan","geometry":{"type":"Point","coordinates":[76.836563,43.233319]},"properties":{"id":"krisha:alkeymargulan","category":"apartments","name":"ЖК Alkey Margulan","builder":"YNTYMAQ CORPORATION","address":"Алматы, Ауэзовский р-н, мкрн Аксай-4, ул. Маргулана","status":"in_progress","deadline":"2026-09-30","started_at":null,"stage_note":null,"source_url":"https://krisha.kz/complex/show/almaty/alkeymargulan/","updated_at":"2026-09-14T07:41:24+00:00"}},
{"type":"Feature","id":"krisha:alma","geometry":{"type":"Point","coordinates":[76.932225,43.226785]},"properties":{"id":"krisha:alma","category":"apartments","name":"ЖК Алма","builder":"Рамс Казахстан","address":"Алматы, Бостандыкский р-н, ул. Шолом-Алейхема, 4","status":"in_progress","deadline":"2017-06-30","started_at":null,"stage_note":null,"source_url":"https://krisha.kz/complex/show/alma/","updated_at":"2026-09-14T09:27:18+00:00"}},
{"type":"Feature","id":"krisha:alma-ata","geometry":{"type":"Point","coordinates":[76.895694,43.244757]},"properties":{"id":"krisha:alma-ata","category":"apartments","name":"ЖК Алма-Ата","builder":"ДомСтрой","address":"Алматы, Алмалинский р-н, ул. Жамбыла, 211, пр. Гагарина, 66б","status":"in_progress","deadline":"2015-09-30","started_at":null,"stage_note":null,"source_url":"https://krisha.kz/complex/show/almaty/alma-ata/","updated_at":"2026-09-14T09:29:32+00:00"}},
{"type":"Feature","id":"krisha:alma-city","geometry":{"type":"Point","coordinates":[76.786441,43.221706]},"properties":{"id":"krisha:alma-city","category":"apartments","name":"ЖК Alma City","builder":"Qazaqstroy","address":"Алматы, Наурызбайский р-н, ул. Жунисова, 8, 8/1 - 10, 14, 14/1-19, 12, 12/1-9","status":"done","deadline":"2022-09-30","started_at":"2022-01-01","stage_note":"5 очередей сдано","source_url":"https://krisha.kz/complex/show/alma-city/","updated_at":"2026-09-14T09:24:10+00:00"}},
{"type":"Feature","id":"krisha:almagarden","geometry":{"type":"Point","coordinates":[76.947061,43.205999]},"properties":{"id":"krisha:almagarden","category":"apartments","name":"Клубный дом Alma Garden","builder":"Abra Development","address":"Алматы, ул. 6-я улица, 256/79","status":"in_progress","deadline":"2027-12-31","started_at":"2023-10-01","stage_note":null,"source_url":"https://krisha.kz/complex/show/almaty/almagarden/","updated_at":"2026-09-14T07:44:15+00:00"}},
{"type":"Feature","id":"krisha:almaly","geometry":{"type":"Point","coordinates":[76.821405,43.260504]},"properties":{"id":"krisha:almaly","category":"apartments","name":"ЖК Алмалы","builder":"BAZIS–А","address":"Алматы, Алатауский р-н, микрорайон «Акбулак», улица 1, участок 43","status":"done","deadline":"2021-03-31","started_at":null,"stage_note":"9 очередей сдано","source_url":"https://krisha.kz/complex/show/almaly/","updated_at":"2026-09-14T09:24:12+00:00"}},
{"type":"Feature","id":"krisha:almatauresidence","geometry":{"type":"Point","coordinates":[76.992914,43.20956]},"properties":{"id":"krisha:almatauresidence","category":"apartments","name":"Клубный дом Alma Tau Residence","builder":"Amanat Group","address":"Алматы, Медеуский р-н, ул. Ондасынова, 20А","status":"in_progress","deadline":"2024-09-30","started_at":"2023-04-01","stage_note":null,"source_url":"https://krisha.kz/complex/show/almaty/almatauresidence/","updated_at":"2026-09-14T07:44:17+00:00"}},
{"type":"Feature","id":"krisha:almaty","geometry":{"type":"Point","coordinates":[76.91381,43.2026]},"properties":{"id":"krisha:almaty","category":"apartments","name":"ЖК Baganashil Residence","builder":"Rim Group","address":"Алматы, Санаторная, 14","status":"in_progress","deadline":"2021-12-31","started_at":"2022-01-01","stage_note":null,"source_url":"https://krisha.kz/complex/show/baganashilresidence/almaty/","updated_at":"2026-09-14T07:50:46+00:00"}},
{"type":"Feature","id":"krisha:almaty-pana","geometry":{"type":"Point","coordinates":[76.853174,43.243981]},"properties":{"id":"krisha:almaty-pana","category":"apartments","name":"ЖК Алматы Пана","builder":"Алматы Пана","address":"Алматы, Ауэзовский р-н, ул. Толе би, 298, 298/1-7","status":"in_progress","deadline":"2012-12-31","started_at":null,"stage_note":null,"source_url":"https://krisha.kz/complex/show/almaty/almaty-pana/","updated_at":"2026-09-14T09:31:28+00:00"}},
{"type":"Feature","id":"krisha:almaty-taujers","geometry":{"type":"Point","coordinates":[76.959837,43.233972]},"properties":{"id":"krisha:almaty-taujers","category":"apartments","name":"ЖК Алматы Тауэрс","builder":"KUAT","address":"Алматы, Медеуский р-н, пр. Достык, 160, 162 к. 4-8 — Жолдасбекова","status":"in_progress","deadline":"2008-12-31","started_at":null,"stage_note":"2 очереди, последняя — Q4 2008","source_url":"https://krisha.kz/complex/show/almaty/almaty-taujers/","updated_at":"2026-09-14T09:35:04+00:00"}},
{"type":"Feature","id":"krisha:almatym","geometry":{"type":"Point","coordinates":[76.928134,43.267445]},"properties":{"id":"krisha:almatym","category":"apartments","name":"ЖК Almatym","builder":"SVOYDOM","address":"Алматы, ул. Торекулова, 95","status":"done","deadline":"2023-09-30","started_at":"2023-10-01","stage_note":null,"source_url":"https://krisha.kz/complex/show/almaty/almatym/","updated_at":"2026-09-14T07:46:22+00:00"}},
{"type":"Feature","id":"krisha:almavilla","geometry":{"type":"Point","coordinates":[76.923534,43.179134]},"properties":{"id":"krisha:almavilla","category":"apartments","name":"ЖК Alma Villa","builder":"MN Trade","address":"Алматы, Бостандыкский р-н, микрорайон Ерменсай, ул. Талды, 63","status":"in_progress","deadline":"2022-06-30","started_at":"2022-01-01","stage_note":"2 очереди, последняя — Q2 2022","source_url":"https://krisha.kz/complex/show/almaty/almavilla/","updated_at":"2026-09-14T07:50:30+00:00"}},
{"type":"Feature","id":"krisha:almavilladeluxe","geometry":{"type":"Point","coordinates":[76.925204,43.179251]},"properties":{"id":"krisha:almavilladeluxe","category":"apartments","name":"ЖК Alma Villa Deluxe","builder":"R2Group","address":"Алматы, ул. Талды, 59","status":"in_progress","deadline":"2024-03-31","started_at":null,"stage_note":null,"source_url":"https://krisha.kz/complex/show/almaty/almavilladeluxe/","updated_at":"2026-09-14T07:44:19+00:00"}},
{"type":"Feature","id":"krisha:alpijskie-luga-kg","geometry":{"type":"Point","coordinates":[76.907006,43.148492]},"properties":{"id":"krisha:alpijskie-luga-kg","category":"apartments","name":"Коттеджный городок Альпийские Луга","builder":"BAZIS–А","address":"Алматы, мкр Нурлытау, ул. Альпийские луга, 15","status":"in_progress","deadline":"2012-09-30","started_at":null,"stage_note":null,"source_url":"https://krisha.kz/complex/show/almaty/alpijskie-luga-kg/","updated_at":"2026-09-14T09:31:26+00:00"}},
{"type":"Feature","id":"krisha:altaicity","geometry":{"type":"Point","coordinates":[76.989426,43.348608]},"properties":{"id":"krisha:altaicity","category":"apartments","name":"ЖК Altai City","builder":"DIAL GROUP","address":"Алматы, Турксибский р-н, микрорайон Алтай-2","status":"in_progress","deadline":"2027-06-30","started_at":null,"stage_note":null,"source_url":"https://krisha.kz/complex/show/almaty/altaicity/","updated_at":"2026-09-14T07:41:02+00:00"}},
{"type":"Feature","id":"krisha:altair","geometry":{"type":"Point","coordinates":[76.888871,43.178996]},"properties":{"id":"krisha:altair","category":"apartments","name":"ЖК Альтаир","builder":"Atrix Group","address":"Алматы, Бостандыкский р-н, ул. Дулати","status":"in_progress","deadline":"2020-12-31","started_at":null,"stage_note":null,"source_url":"https://krisha.kz/complex/show/almaty/altair/","updated_at":"2026-09-14T09:22:40+00:00"}},
{"type":"Feature","id":"krisha:altyn-ai","geometry":{"type":"Point","coordinates":[76.82333,43.268953]},"properties":{"id":"krisha:altyn-ai","category":"apartments","name":"ЖК Altyn Ai","builder":"Exclusive Qurylys","address":"Алматы, Алатауский р-н, ул. Момышулы, 100","status":"in_progress","deadline":"2025-06-30","started_at":"2023-01-01","stage_note":null,"source_url":"https://krisha.kz/complex/show/almaty/altyn-ai/","updated_at":"2026-09-14T07:42:33+00:00"}},
{"type":"Feature","id":"krisha:altyn-auyl","geometry":{"type":"Point","coordinates":[76.659772,43.202938]},"properties":{"id":"krisha:altyn-auyl","category":"apartments","name":"ЖК Алтын Ауыл","builder":"Аксу","address":"Алматы, мкр. Алтын-Ауыл","status":"in_progress","deadline":"2010-12-31","started_at":null,"stage_note":null,"source_url":"https://krisha.kz/complex/show/almaty/altyn-auyl/","updated_at":"2026-09-14T09:32:33+00:00"}},
{"type":"Feature","id":"krisha:altyn-orda","geometry":{"type":"Point","coordinates":[76.912065,43.208026]},"properties":{"id":"krisha:altyn-orda","category":"apartments","name":"ЖК Алтын Орда","builder":"МАК Алматыгорстрой","address":"Алматы, Бостандыкский р-н, ул. Ходжанова, 77, 81 - ул. Ергожина, 4, 4/3","status":"in_progress","deadline":"2014-12-31","started_at":null,"stage_note":"2 очереди, последняя — Q4 2014","source_url":"https://krisha.kz/complex/show/almaty/altyn-orda/","updated_at":"2026-09-14T09:33:43+00:00"}},
{"type":"Feature","id":"krisha:altyn-zaman","geometry":{"type":"Point","coordinates":[76.933118,43.23802]},"properties":{"id":"krisha:altyn-zaman","category":"apartments","name":"ЖК Алтын Заман","builder":"Алматы Центр Строй","address":"Алматы, Бостандыкский р-н, ул. Сатпаева, 9б — Масанчи","status":"in_progress","deadline":"2008-12-31","started_at":null,"stage_note":null,"source_url":"https://krisha.kz/complex/show/almaty/altyn-zaman/","updated_at":"2026-09-14T09:33:47+00:00"}},
{"type":"Feature","id":"krisha:altynbulak2","geometry":{"type":"Point","coordinates":[76.875931,43.243313]},"properties":{"id":"krisha:altynbulak2","category":"apartments","name":"ЖК Алтын Булак","builder":"Halyk Active","address":"Алматы, Алмалинский р-н, ул. Брусиловского, 167","status":"in_progress","deadline":"2012-06-30","started_at":null,"stage_note":null,"source_url":"https://krisha.kz/complex/show/almaty/altynbulak2/","updated_at":"2026-09-14T09:31:30+00:00"}},
{"type":"Feature","id":"krisha:altyncity","geometry":{"type":"Point","coordinates":[77.019566,43.32013]},"properties":{"id":"krisha:altyncity","category":"apartments","name":"ЖК Altyn City","builder":"Exclusive Qurylys","address":"Алматы, Турксибский р-н, мкр. Кайрат. На пересечений Кульджинского тракта с ул. Бухтарминской","status":"done","deadline":"2024-09-30","started_at":"2022-01-01","stage_note":"2 очереди сданы","source_url":"https://krisha.kz/complex/show/almaty/altyncity/","updated_at":"2026-09-14T07:47:57+00:00"}},
{"type":"Feature","id":"krisha:altynsarin","geometry":{"type":"Point","coordinates":[76.865033,43.221651]},"properties":{"id":"krisha:altynsarin","category":"apartments","name":"ЖК Алтынсарин","builder":"Senim-SN","address":"Алматы, Ауэзовский р-н, ул. 12-й мкрн, стр. 26","status":"in_progress","deadline":"2019-12-31","started_at":null,"stage_note":null,"source_url":"https://krisha.kz/complex/show/almaty/altynsarin/","updated_at":"2026-09-14T09:24:15+00:00"}},
{"type":"Feature","id":"krisha:amal","geometry":{"type":"Point","coordinates":[76.852006,43.221568]},"properties":{"id":"krisha:amal","category":"apartments","name":"ЖК Амаль","builder":"Ауес и К","address":"Алматы, Ауэзовский р-н, мкр. 3, 21/1","status":"in_progress","deadline":"2021-09-30","started_at":"2022-01-01","stage_note":"2 очереди, последняя — Q3 2021","source_url":"https://krisha.kz/complex/show/almaty/amal/","updated_at":"2026-09-14T09:22:46+00:00"}},
{"type":"Feature","id":"krisha:amanat","geometry":{"type":"Point","coordinates":[76.886064,43.213679]},"properties":{"id":"krisha:amanat","category":"apartments","name":"ЖК Аманат","builder":"BI Group Юг","address":"Алматы, Бостандыкский р-н, ул. Абиша Кекилбайулы, 97а","status":"in_progress","deadline":"2019-09-30","started_at":null,"stage_note":"2 очереди, последняя — Q3 2019","source_url":"https://krisha.kz/complex/show/amanat/","updated_at":"2026-09-14T09:26:08+00:00"}},
{"type":"Feature","id":"krisha:amani-kg","geometry":{"type":"Point","coordinates":[76.917234,43.195342]},"properties":{"id":"krisha:amani-kg","category":"apartments","name":"Коттеджный городок Амани","builder":"Tarlan Development","address":"Алматы, Бостандыкский р-н, Восточная — Алмалы","status":"in_progress","deadline":"2016-12-31","started_at":null,"stage_note":null,"source_url":"https://krisha.kz/complex/show/amani-kg/","updated_at":"2026-09-14T09:28:33+00:00"}},
{"type":"Feature","id":"krisha:amir","geometry":{"type":"Point","coordinates":[76.894626,43.206641]},"properties":{"id":"krisha:amir","category":"apartments","name":"ЖК AMIR","builder":"BI Group Юг","address":"Алматы, Бостандыкский р-н, ул. Розыбакиева - ул. Ескараева","status":"done","deadline":"2024-03-31","started_at":"2022-01-01","stage_note":"3 очереди сданы","source_url":"https://krisha.kz/complex/show/almaty/amir/","updated_at":"2026-09-14T07:47:59+00:00"}},
{"type":"Feature","id":"krisha:ansar","geometry":{"type":"Point","coordinates":[76.941626,43.270839]},"properties":{"id":"krisha:ansar","category":"apartments","name":"ЖК Ansar","builder":"SVOYDOM","address":"Алматы, Жетысуский р-н, ул. Панфилова, 27","status":"in_progress","deadline":"2027-06-30","started_at":null,"stage_note":null,"source_url":"https://krisha.kz/complex/show/almaty/ansar/","updated_at":"2026-09-14T07:41:03+00:00"}},
{"type":"Feature","id":"krisha:apple-town","geometry":{"type":"Point","coordinates":[76.86883,43.198251]},"properties":{"id":"krisha:apple-town","category":"apartments","name":"ЖК Apple Town","builder":"Woolim Construction","address":"Алматы, Ауэзовский р-н, Аскарова, 8 — Саина","status":"in_progress","deadline":"2012-12-31","started_at":null,"stage_note":null,"source_url":"https://krisha.kz/complex/show/almaty/apple-town/","updated_at":"2026-09-14T09:31:34+00:00"}},
{"type":"Feature","id":"krisha:applepark","geometry":{"type":"Point","coordinates":[76.853062,43.189168]},"properties":{"id":"krisha:applepark","category":"apartments","name":"ЖК Apple Park","builder":"ТОО Almaty Investment Group Construction","address":"Алматы, Наурызбайский р-н, ул. Акселеу Сейдембек, 105/6","status":"in_progress","deadline":"2024-12-31","started_at":"2023-07-01","stage_note":"2 очереди, последняя — Q4 2024","source_url":"https://krisha.kz/complex/show/almaty/applepark/","updated_at":"2026-09-14T07:44:23+00:00"}},
{"type":"Feature","id":"krisha:appleresidence","geometry":{"type":"Point","coordinates":[76.86903,43.197167]},"properties":{"id":"krisha:appleresidence","category":"apartments","name":"ЖК Apple Residence","builder":"Barys Stroy","address":"Алматы, Ауэзовский р-н, ул. Аскарова, 8, 8/1, 8/2, 8/3","status":"done","deadline":"2025-12-31","started_at":"2023-04-01","stage_note":null,"source_url":"https://krisha.kz/complex/show/almaty/appleresidence/","updated_at":"2026-09-14T07:42:40+00:00"}},
{"type":"Feature","id":"krisha:aqtolqyngrand","geometry":{"type":"Point","coordinates":[76.912079,43.204238]},"properties":{"id":"krisha:aqtolqyngrand","category":"apartments","name":"ЖК Aqtolqyn Grand","builder":"AB Capital","address":"Алматы, Бостандыкский р-н, ул. Жарокова, 370","status":"in_progress","deadline":"2024-03-31","started_at":"2023-04-01","stage_note":null,"source_url":"https://krisha.kz/complex/show/almaty/aqtolqyngrand/","updated_at":"2026-09-14T07:44:25+00:00"}},
{"type":"Feature","id":"krisha:araj-pr","geometry":{"type":"Point","coordinates":[76.89777,43.236697]},"properties":{"id":"krisha:araj-pr","category":"apartments","name":"ЖК Арай","builder":"Имсталькон","address":"Алматы, Бостандыкский р-н, Айманова, 140","status":"in_progress","deadline":"2015-06-30","started_at":null,"stage_note":null,"source_url":"https://krisha.kz/complex/show/almaty/araj-pr/","updated_at":"2026-09-14T09:29:35+00:00"}},
{"type":"Feature","id":"krisha:arasresidence","geometry":{"type":"Point","coordinates":[76.838132,43.181062]},"properties":{"id":"krisha:arasresidence","category":"apartments","name":"ЖК Aras Residence","builder":"А+Development","address":"Алматы, Наурызбайский р-н, ул. Жана, стр. 21д","status":"in_progress","deadline":"2023-06-30","started_at":"2022-01-01","stage_note":null,"source_url":"https://krisha.kz/complex/show/almaty/arasresidence/","updated_at":"2026-09-14T07:46:27+00:00"}},
{"type":"Feature","id":"krisha:arbat","geometry":{"type":"Point","coordinates":[76.935786,43.261014]},"properties":{"id":"krisha:arbat","category":"apartments","name":"ЖК ARBAT","builder":"MIDDLEMAN","address":"Алматы, Алмалинский р-н, ул. Наурызбай батыра 50 - ул. Жибек Жолы","status":"in_progress","deadline":"2019-12-31","started_at":null,"stage_note":null,"source_url":"https://krisha.kz/complex/show/almaty/arbat/","updated_at":"2026-09-14T09:24:17+00:00"}},
{"type":"Feature","id":"krisha:arenacitybalance","geometry":{"type":"Point","coordinates":[76.81026,43.271699]},"properties":{"id":"krisha:arenacitybalance","category":"apartments","name":"ЖК Arena City. Balance","builder":"BI Group Юг","address":"Алматы, Алатауский р-н, Гажайып микрорайон, 11/19","status":"in_progress","deadline":"2027-09-30","started_at":"2026-01-01","stage_note":"1-я очередь из 2, сдача Q4 2026","source_url":"https://krisha.kz/complex/show/almaty/arenacitybalance/","updated_at":"2026-09-14T07:40:31+00:00"}},
{"type":"Feature","id":"krisha:arenacitylife","geometry":{"type":"Point","coordinates":[76.811573,43.252072]},"properties":{"id":"krisha:arenacitylife","category":"apartments","name":"ЖК Arena City. Life","builder":"BI Group Юг","address":"Алматы, Алатауский р-н, ул. Ботакоз, 2/1","status":"in_progress","deadline":"2027-06-30","started_at":"2025-07-01","stage_note":"2-я очередь из 3, сдача Q4 2026","source_url":"https://krisha.kz/complex/show/almaty/arenacitylife/","updated_at":"2026-09-14T07:40:37+00:00"}},
{"type":"Feature","id":"krisha:arenacitypark","geometry":{"type":"Point","coordinates":[76.81938,43.275417]},"properties":{"id":"krisha:arenacitypark","category":"apartments","name":"ЖК Arena City. Park","builder":"BI Group Юг","address":"Алматы, Алатауский р-н, ул. Бауыржана Момышулы, 11/12а","status":"in_progress","deadline":"2027-09-30","started_at":null,"stage_note":"2-я очередь из 3, сдача Q4 2026","source_url":"https://krisha.kz/complex/show/almaty/arenacitypark/","updated_at":"2026-09-14T07:40:30+00:00"}},
{"type":"Feature","id":"krisha:arenacitysport","geometry":{"type":"Point","coordinates":[76.810425,43.273318]},"properties":{"id":"krisha:arenacitysport","category":"apartments","name":"Бигвилль Arena City. Sport","builder":"BI Group Юг","address":"Алматы, Алатауский р-н, ул. Бауыржана Момышулы, 11/14а","status":"in_progress","deadline":"2027-12-31","started_at":"2025-07-01","stage_note":"3-я очередь из 5, сдача Q3 2026","source_url":"https://krisha.kz/complex/show/almaty/arenacitysport/","updated_at":"2026-09-14T07:40:39+00:00"}},
{"type":"Feature","id":"krisha:arenapark","geometry":{"type":"Point","coordinates":[76.81523,43.274502]},"properties":{"id":"krisha:arenapark","category":"apartments","name":"ЖК Arena Park","builder":"BI Group Юг","address":"Алматы, Алатауский р-н, ул. Бауыржана Момышулы - ул. Монке би","status":"done","deadline":"2025-06-30","started_at":"2023-01-01","stage_note":"4 очереди сданы","source_url":"https://krisha.kz/complex/show/almaty/arenapark/","updated_at":"2026-09-14T07:44:27+00:00"}},
{"type":"Feature","id":"krisha:arenasunset","geometry":{"type":"Point","coordinates":[76.816145,43.275928]},"properties":{"id":"krisha:arenasunset","category":"apartments","name":"ЖК Arena Sunset","builder":"Build Your Dreams","address":"Алматы, Алатауский р-н, Бауыржана Момышулы, 11/1","status":"in_progress","deadline":"2024-09-30","started_at":"2023-01-01","stage_note":null,"source_url":"https://krisha.kz/complex/show/almaty/arenasunset/","updated_at":"2026-09-14T07:44:29+00:00"}},
{"type":"Feature","id":"krisha:aria","geometry":{"type":"Point","coordinates":[76.90944,43.197422]},"properties":{"id":"krisha:aria","category":"apartments","name":"ЖК Ария","builder":"Aria Project ТОО","address":"Алматы, Бостандыкский р-н, мкр «Казахфильм», 44б","status":"in_progress","deadline":"2016-06-30","started_at":null,"stage_note":null,"source_url":"https://krisha.kz/complex/show/almaty/aria/","updated_at":"2026-09-14T09:28:35+00:00"}},
{"type":"Feature","id":"krisha:arman","geometry":{"type":"Point","coordinates":[76.960007,43.240858]},"properties":{"id":"krisha:arman","category":"apartments","name":"ЖК Арман","builder":"Демалыс и Ко","address":"Алматы, Медеуский р-н, ул. Луганского, 1","status":"in_progress","deadline":"2007-09-30","started_at":null,"stage_note":null,"source_url":"https://krisha.kz/complex/show/almaty/arman/","updated_at":"2026-09-14T09:34:18+00:00"}},
{"type":"Feature","id":"krisha:arman-villa","geometry":{"type":"Point","coordinates":[76.989227,43.194417]},"properties":{"id":"krisha:arman-villa","category":"apartments","name":"ЖК Арман Вилла","builder":"Туркуаз Инвест","address":"Алматы, Медеуский р-н, Керей-Жәнібек хандар, 276/15","status":"in_progress","deadline":"2009-06-30","started_at":null,"stage_note":null,"source_url":"https://krisha.kz/complex/show/almaty/arman-villa/","updated_at":"2026-09-14T09:33:01+00:00"}},
{"type":"Feature","id":"krisha:armancity","geometry":{"type":"Point","coordinates":[77.000031,43.288614]},"properties":{"id":"krisha:armancity","category":"apartments","name":"ЖК Arman City","builder":"SABA GROUP KZ","address":"Алматы, Медеуский р-н, ул. Халиулина 140/5","status":"done","deadline":"2025-06-30","started_at":"2023-10-01","stage_note":"2 очереди сданы","source_url":"https://krisha.kz/complex/show/almaty/armancity/","updated_at":"2026-09-14T07:44:31+00:00"}},
{"type":"Feature","id":"krisha:art-residence","geometry":{"type":"Point","coordinates":[76.965941,43.246005]},"properties":{"id":"krisha:art-residence","category":"apartments","name":"ЖК Art Residence","builder":"BI Group Юг","address":"Алматы, Медеуский р-н, пересечение улиц Бекхожина, Бегалина и Кастеева","status":"done","deadline":"2018-12-31","started_at":null,"stage_note":null,"source_url":"https://krisha.kz/complex/show/art-residence/","updated_at":"2026-09-14T09:26:10+00:00"}},
{"type":"Feature","id":"krisha:artvilla","geometry":{"type":"Point","coordinates":[76.904451,43.195573]},"properties":{"id":"krisha:artvilla","category":"apartments","name":"ЖК Art Villa","builder":"Capital Invest Construction","address":"Алматы, Бостандыкский р-н, Казахфильм микрорайон, 21д","status":"in_progress","deadline":"2021-09-30","started_at":null,"stage_note":null,"source_url":"https://krisha.kz/complex/show/almaty/artvilla/","updated_at":"2026-09-14T07:50:42+00:00"}},
{"type":"Feature","id":"krisha:arystan","geometry":{"type":"Point","coordinates":[76.831166,43.230698]},"properties":{"id":"krisha:arystan","category":"apartments","name":"ЖК Арыстан","builder":"Астана-Курылыс","address":"Алматы, Ауэзовский р-н, Садвакасова, 3б — Маргулана","status":"in_progress","deadline":"2014-12-31","started_at":null,"stage_note":null,"source_url":"https://krisha.kz/complex/show/arystan/","updated_at":"2026-09-14T09:30:26+00:00"}},
{"type":"Feature","id":"krisha:asem-tau-kg","geometry":{"type":"Point","coordinates":[76.943291,43.184115]},"properties":{"id":"krisha:asem-tau-kg","category":"apartments","name":"Коттеджный городок Асем Тау","builder":"ДомСтрой","address":"Алматы, ущелье Ремизовка","status":"in_progress","deadline":"2007-12-31","started_at":null,"stage_note":null,"source_url":"https://krisha.kz/complex/show/almaty/asem-tau-kg/","updated_at":"2026-09-14T09:34:21+00:00"}},
{"type":"Feature","id":"krisha:askar-tau","geometry":{"type":"Point","coordinates":[76.875159,43.170048]},"properties":{"id":"krisha:askar-tau","category":"apartments","name":"ЖК Аскар Тау","builder":"ИнтерСтрой НС","address":"Алматы, Бостандыкский р-н, ул. Кенесары хана, 83/1","status":"in_progress","deadline":"2016-06-30","started_at":null,"stage_note":null,"source_url":"https://krisha.kz/complex/show/almaty/askar-tau/","updated_at":"2026-09-14T09:28:37+00:00"}},
{"type":"Feature","id":"krisha:askarbek","geometry":{"type":"Point","coordinates":[76.957409,43.225463]},"properties":{"id":"krisha:askarbek","category":"apartments","name":"ЖК Аскарбек","builder":"ДомСтрой","address":"Алматы, Медеуский р-н, Хаджи Мукана, 39","status":"in_progress","deadline":"2007-03-31","started_at":null,"stage_note":null,"source_url":"https://krisha.kz/complex/show/almaty/askarbek/","updated_at":"2026-09-14T09:34:23+00:00"}},
{"type":"Feature","id":"krisha:aspen","geometry":{"type":"Point","coordinates":[76.927445,43.206554]},"properties":{"id":"krisha:aspen","category":"apartments","name":"ЖК Aspen","builder":"MDI Construction","address":"Алматы, Бостандыкский р-н, ул. Аль-фараби 116/1","status":"in_progress","deadline":"2025-06-30","started_at":"2023-01-01","stage_note":"2 очереди, последняя — Q2 2025","source_url":"https://krisha.kz/complex/show/almaty/aspen/","updated_at":"2026-09-14T07:44:33+00:00"}},
{"type":"Feature","id":"krisha:assemplaza","geometry":{"type":"Point","coordinates":[76.901962,43.252229]},"properties":{"id":"krisha:assemplaza","category":"apartments","name":"ЖК ASSEM PLAZA","builder":"DIAL GROUP","address":"Алматы, Алмалинский р-н, ул. Толе би, 185А","status":"in_progress","deadline":"2022-12-31","started_at":"2022-01-01","stage_note":"3 очереди, последняя — Q4 2022","source_url":"https://krisha.kz/complex/show/almaty/assemplaza/","updated_at":"2026-09-14T09:22:51+00:00"}},
{"type":"Feature","id":"krisha:astana","geometry":{"type":"Point","coordinates":[76.935658,43.223682]},"properties":{"id":"krisha:astana","category":"apartments","name":"ЖК Астана","builder":"Астана Недвижимость","address":"Алматы, Бостандыкский р-н, пр. Аль-Фараби, 53 — Шашкина","status":"in_progress","deadline":"2009-09-30","started_at":null,"stage_note":null,"source_url":"https://krisha.kz/complex/show/almaty/astana/","updated_at":"2026-09-14T09:33:03+00:00"}},
{"type":"Feature","id":"krisha:asyl-tau","geometry":{"type":"Point","coordinates":[76.885883,43.231075]},"properties":{"id":"krisha:asyl-tau","category":"apartments","name":"ЖК Асыл Тау","builder":"BI Group Юг","address":"Алматы, Бостандыкский р-н, ул. Егизбаева, 7/10","status":"done","deadline":"2019-03-31","started_at":null,"stage_note":"4 очереди сданы","source_url":"https://krisha.kz/complex/show/asyl-tau/","updated_at":"2026-09-14T09:30:27+00:00"}},
{"type":"Feature","id":"krisha:asylmura","geometry":{"type":"Point","coordinates":[76.877463,43.215972]},"properties":{"id":"krisha:asylmura","category":"apartments","name":"ЖК ASYL MURA","builder":"SVOYDOM","address":"Алматы, пересечение ул. Жандосова и Cулейменова","status":"in_progress","deadline":"2026-06-30","started_at":"2025-07-01","stage_note":null,"source_url":"https://krisha.kz/complex/show/almaty/asylmura/","updated_at":"2026-09-14T07:41:30+00:00"}},
{"type":"Feature","id":"krisha:asyltas","geometry":{"type":"Point","coordinates":[76.878254,43.217588]},"properties":{"id":"krisha:asyltas","category":"apartments","name":"ЖК Asyl Tas","builder":"SVOYDOM","address":"Алматы, Ауэзовский р-н, ул. Симферопольская, 1/1","status":"in_progress","deadline":"2025-03-31","started_at":"2025-07-01","stage_note":null,"source_url":"https://krisha.kz/complex/show/almaty/asyltas/","updated_at":"2026-09-14T07:42:42+00:00"}},
{"type":"Feature","id":"krisha:asyltobe","geometry":{"type":"Point","coordinates":[76.884124,43.229201]},"properties":{"id":"krisha:asyltobe","category":"apartments","name":"ЖК Асыл Тобе","builder":"BI Group Юг","address":"Алматы, Бостандыкский р-н, ул. Егизбаева, 7/21","status":"done","deadline":"2020-12-31","started_at":null,"stage_note":null,"source_url":"https://krisha.kz/complex/show/almaty/asyltobe/","updated_at":"2026-09-14T09:22:53+00:00"}},
{"type":"Feature","id":"krisha:asyluya","geometry":{"type":"Point","coordinates":[76.87235,43.298314]},"properties":{"id":"krisha:asyluya","category":"apartments","name":"ЖК Асыл Уя","builder":"AKAS Development","address":"Алматы, Алатауский р-н, ул. Жалайыр, 44 к1","status":"done","deadline":"2024-03-31","started_at":"2022-01-01","stage_note":null,"source_url":"https://krisha.kz/complex/show/almaty/asyluya/","updated_at":"2026-09-14T07:44:35+00:00"}},
{"type":"Feature","id":"krisha:ata","geometry":{"type":"Point","coordinates":[76.919075,43.247545]},"properties":{"id":"krisha:ata","category":"apartments","name":"ЖК Ата","builder":"Рамс Казахстан","address":"Алматы, Алмалинский р-н, ул. Муратбаева, 189, Кабанбай батыра, 178","status":"in_progress","deadline":"2006-06-30","started_at":null,"stage_note":null,"source_url":"https://krisha.kz/complex/show/almaty/ata/","updated_at":"2026-09-14T09:35:05+00:00"}},
{"type":"Feature","id":"krisha:atameken","geometry":{"type":"Point","coordinates":[76.89205,43.214522]},"properties":{"id":"krisha:atameken","category":"apartments","name":"ЖК Atameken","builder":"BI Group Юг","address":"Алматы, Бостандыкский р-н, ул. Розыбакиева, 181а","status":"done","deadline":"2019-12-31","started_at":null,"stage_note":null,"source_url":"https://krisha.kz/complex/show/atameken/","updated_at":"2026-09-14T09:24:19+00:00"}},
{"type":"Feature","id":"krisha:athletic-village","geometry":{"type":"Point","coordinates":[76.814967,43.260678]},"properties":{"id":"krisha:athletic-village","category":"apartments","name":"ЖК Athletic village","builder":"ТОО СК Элитстрой","address":"Алматы, Алатауский р-н, ул. Б. Момышулы, ниже пр. Рыскулова","status":"in_progress","deadline":"2017-03-31","started_at":null,"stage_note":null,"source_url":"https://krisha.kz/complex/show/athletic-village/","updated_at":"2026-09-14T09:27:20+00:00"}},
{"type":"Feature","id":"krisha:athleticpark","geometry":{"type":"Point","coordinates":[76.806504,43.243673]},"properties":{"id":"krisha:athleticpark","category":"apartments","name":"ЖК Athletic Park","builder":"Everest Development","address":"Алматы, просп. Рыскулова / ул. Онгарсыновой","status":"in_progress","deadline":"2027-03-31","started_at":null,"stage_note":null,"source_url":"https://krisha.kz/complex/show/almaty/athleticpark/","updated_at":"2026-09-14T07:41:05+00:00"}},
{"type":"Feature","id":"krisha:atlant","geometry":{"type":"Point","coordinates":[76.9185,43.262554]},"properties":{"id":"krisha:atlant","category":"apartments","name":"ЖК Atlant","builder":"NOVEC","address":"Алматы, Алмалинский р-н, пересечение улиц Макатаева и Муратбаева","status":"done","deadline":"2021-12-31","started_at":null,"stage_note":"2 очереди сданы","source_url":"https://krisha.kz/complex/show/atlant/","updated_at":"2026-09-14T09:24:21+00:00"}},
{"type":"Feature","id":"krisha:atlas","geometry":{"type":"Point","coordinates":[76.851735,43.222052]},"properties":{"id":"krisha:atlas","category":"apartments","name":"ЖК Атлас","builder":"EL construction","address":"Алматы, Ауэзовский р-н, ул. Саина, 19/1 — Абая","status":"in_progress","deadline":"2015-06-30","started_at":null,"stage_note":null,"source_url":"https://krisha.kz/complex/show/almaty/atlas/","updated_at":"2026-09-14T09:30:30+00:00"}},
{"type":"Feature","id":"krisha:atmosfera","geometry":{"type":"Point","coordinates":[77.020058,43.326926]},"properties":{"id":"krisha:atmosfera","category":"apartments","name":"ЖК Атмосфера","builder":"ATAMURA GROUP","address":"Алматы, Турксибский р-н, ул. Алатау, 36","status":"in_progress","deadline":"2026-12-31","started_at":"2022-01-01","stage_note":"6-я очередь из 6, сдача Q4 2026","source_url":"https://krisha.kz/complex/show/almaty/atmosfera/","updated_at":"2026-09-14T07:46:30+00:00"}},
{"type":"Feature","id":"krisha:atria","geometry":{"type":"Point","coordinates":[76.894641,43.197309]},"properties":{"id":"krisha:atria","category":"apartments","name":"ЖК ATRIA","builder":"BAZIS–А","address":"Алматы, Бостандыкский р-н, ул. Розыбакиева, 388/Б2","status":"done","deadline":"2020-12-31","started_at":null,"stage_note":null,"source_url":"https://krisha.kz/complex/show/almaty/atria/","updated_at":"2026-09-14T09:22:54+00:00"}},
{"type":"Feature","id":"krisha:auezovcity","geometry":{"type":"Point","coordinates":[76.899913,43.261495]},"properties":{"id":"krisha:auezovcity","category":"apartments","name":"ЖК Auezov City","builder":"BAZIS–А","address":"Алматы, Алмалинский р-н, пр. Райымбека, 210, севернее улицы Гоголя","status":"done","deadline":"2024-03-31","started_at":"2022-01-01","stage_note":"3 очереди сданы","source_url":"https://krisha.kz/complex/show/almaty/auezovcity/","updated_at":"2026-09-14T07:48:01+00:00"}},
{"type":"Feature","id":"krisha:auezovcitypro","geometry":{"type":"Point","coordinates":[76.90017,43.262256]},"properties":{"id":"krisha:auezovcitypro","category":"apartments","name":"ЖК Auezov City Pro","builder":"BAZIS–А","address":"Алматы, Алмалинский р-н, ул. Райымбека, 210/27","status":"in_progress","deadline":"2027-09-30","started_at":"2025-07-01","stage_note":null,"source_url":"https://krisha.kz/complex/show/almaty/auezovcitypro/","updated_at":"2026-09-14T07:41:07+00:00"}},
{"type":"Feature","id":"krisha:aulet","geometry":{"type":"Point","coordinates":[76.856087,43.190257]},"properties":{"id":"krisha:aulet","category":"apartments","name":"ЖК Aulet","builder":"BI Group Юг","address":"Алматы, Наурызбайский р-н, ул. Сейдимбек, 110/2","status":"in_progress","deadline":"2023-12-31","started_at":"2023-04-01","stage_note":null,"source_url":"https://krisha.kz/complex/show/almaty/aulet/","updated_at":"2026-09-14T07:46:32+00:00"}},
{"type":"Feature","id":"krisha:aulresortchaletvillage","geometry":{"type":"Point","coordinates":[76.587756,43.164972]},"properties":{"id":"krisha:aulresortchaletvillage","category":"apartments","name":"Коттеджный городок Aul resort Chalet Village","builder":"Aul resort Chalet Village","address":"Алматы, Карсайский район, верхняя Каскеленская трасса","status":"in_progress","deadline":"2021-09-30","started_at":null,"stage_note":null,"source_url":"https://krisha.kz/complex/show/almaty/aulresortchaletvillage/","updated_at":"2026-09-14T07:50:44+00:00"}},
{"type":"Feature","id":"krisha:aurus","geometry":{"type":"Point","coordinates":[76.905555,43.246721]},"properties":{"id":"krisha:aurus","category":"apartments","name":"ЖК AURUS","builder":"Continent Qurylys","address":"Алматы, Алмалинский р-н, ул. Кабанбай Батыра, 252","status":"done","deadline":"2023-06-30","started_at":null,"stage_note":"2 очереди сданы","source_url":"https://krisha.kz/complex/show/almaty/aurus/","updated_at":"2026-09-14T07:48:05+00:00"}},
{"type":"Feature","id":"krisha:autograph","geometry":{"type":"Point","coordinates":[76.959887,43.208605]},"properties":{"id":"krisha:autograph","category":"apartments","name":"ЖК Autograph","builder":"AKAS Development","address":"Алматы, Медеуский р-н, ул. Жамакаева 191","status":"done","deadline":"2026-06-30","started_at":"2023-01-01","stage_note":"2 очереди сданы","source_url":"https://krisha.kz/complex/show/almaty/autograph/","updated_at":"2026-09-14T07:40:15+00:00"}},
{"type":"Feature","id":"krisha:avrora","geometry":{"type":"Point","coordinates":[76.902654,43.171065]},"properties":{"id":"krisha:avrora","category":"apartments","name":"ЖК Аврора","builder":"ЖСК Алматы","address":"Алматы, Бостандыкский р-н, ул. Роза Жаманова, 29","status":"in_progress","deadline":"2017-12-31","started_at":null,"stage_note":null,"source_url":"https://krisha.kz/complex/show/almaty/avrora/","updated_at":"2026-09-14T09:27:22+00:00"}},
{"type":"Feature","id":"krisha:ayalapark","geometry":{"type":"Point","coordinates":[76.879776,43.227547]},"properties":{"id":"krisha:ayalapark","category":"apartments","name":"ЖК Ayala Park","builder":"ТОО JDM CONSTRUCTION","address":"Алматы, Бостандыкский р-н, ул. Тлендиева, 345","status":"in_progress","deadline":"2026-09-30","started_at":null,"stage_note":null,"source_url":"https://krisha.kz/complex/show/almaty/ayalapark/","updated_at":"2026-09-14T07:41:32+00:00"}},
{"type":"Feature","id":"krisha:aziya","geometry":{"type":"Point","coordinates":[76.908351,43.257022]},"properties":{"id":"krisha:aziya","category":"apartments","name":"ЖК Азия","builder":"Азия","address":"Алматы, Алмалинский р-н, ул. Гоголя, 176/2","status":"in_progress","deadline":"2017-12-31","started_at":null,"stage_note":null,"source_url":"https://krisha.kz/complex/show/aziya/","updated_at":"2026-09-14T09:27:24+00:00"}},
{"type":"Feature","id":"krisha:baganashil-seven-stars","geometry":{"type":"Point","coordinates":[76.907627,43.19031]},"properties":{"id":"krisha:baganashil-seven-stars","category":"apartments","name":"ЖК Баганашил Севен Старс","builder":"Best Project","address":"Алматы, Бостандыкский р-н, мкр. Баганашыл, ул. Рахмадиева, 12","status":"in_progress","deadline":"2008-12-31","started_at":null,"stage_note":null,"source_url":"https://krisha.kz/complex/show/almaty/baganashil-seven-stars/","updated_at":"2026-09-14T09:33:49+00:00"}},
{"type":"Feature","id":"krisha:baiqadam","geometry":{"type":"Point","coordinates":[76.893625,43.213707]},"properties":{"id":"krisha:baiqadam","category":"apartments","name":"ЖК BAIQADAM","builder":"Sensata Group","address":"Алматы, Бостандыкский р-н, ул. Розыбакиева – ул. Байкадамова","status":"in_progress","deadline":"2026-12-31","started_at":null,"stage_note":null,"source_url":"https://krisha.kz/complex/show/almaty/baiqadam/","updated_at":"2026-09-14T07:41:34+00:00"}},
{"type":"Feature","id":"krisha:baitas","geometry":{"type":"Point","coordinates":[76.96176,43.241951]},"properties":{"id":"krisha:baitas","category":"apartments","name":"Клубный дом Baitas","builder":"AB Capital","address":"Алматы, Медеуский р-н, ул. Байтасова 9","status":"in_progress","deadline":"2025-12-31","started_at":null,"stage_note":null,"source_url":"https://krisha.kz/complex/show/almaty/baitas/","updated_at":"2026-09-14T07:42:44+00:00"}},
{"type":"Feature","id":"krisha:bajsal","geometry":{"type":"Point","coordinates":[76.915005,43.201226]},"properties":{"id":"krisha:bajsal","category":"apartments","name":"ЖК Байсал","builder":"Компания Сэт Жол","address":"Алматы, Бостандыкский р-н, мкр «Баганашыл», ул. Санаторная, 18, 20, 22, 26, 30, 34, 36, 40, 42, 44 — Аль-Фараби","status":"in_progress","deadline":"2009-12-31","started_at":null,"stage_note":null,"source_url":"https://krisha.kz/complex/show/almaty/bajsal/","updated_at":"2026-09-14T09:33:07+00:00"}},
{"type":"Feature","id":"krisha:bakytty-omir","geometry":{"type":"Point","coordinates":[76.931039,43.261312]},"properties":{"id":"krisha:bakytty-omir","category":"apartments","name":"ЖК Бақытты өмір (Бакытты омир)","builder":"Рамс Казахстан","address":"Алматы, Алмалинский р-н, Сейфуллина, 499/131","status":"in_progress","deadline":"2017-06-30","started_at":null,"stage_note":null,"source_url":"https://krisha.kz/complex/show/bakytty-omir/","updated_at":"2026-09-14T09:27:26+00:00"}},
{"type":"Feature","id":"krisha:barakat","geometry":{"type":"Point","coordinates":[76.898282,43.1732]},"properties":{"id":"krisha:barakat","category":"apartments","name":"ЖК Баракат","builder":"Инвест Билдинг Казахстан","address":"Алматы, Бостандыкский р-н, ул. Казыбек Тауасарулы, 71\\1","status":"in_progress","deadline":"2022-06-30","started_at":"2022-01-01","stage_note":null,"source_url":"https://krisha.kz/complex/show/almaty/barakat/","updated_at":"2026-09-14T07:48:10+00:00"}},
{"type":"Feature","id":"krisha:basenova10","geometry":{"type":"Point","coordinates":[76.895223,43.22128]},"properties":{"id":"krisha:basenova10","category":"apartments","name":"ЖК Basenova 10","builder":"BAZIS–А","address":"Алматы, Бостандыкский р-н, ул. Басенова, 10","status":"done","deadline":"2021-09-30","started_at":null,"stage_note":null,"source_url":"https://krisha.kz/complex/show/almaty/basenova10/","updated_at":"2026-09-14T07:50:12+00:00"}},
{"type":"Feature","id":"krisha:bass-townhouse","geometry":{"type":"Point","coordinates":[77.033314,43.398618]},"properties":{"id":"krisha:bass-townhouse","category":"apartments","name":"ЖК Bass Townhouse","builder":"BASS Qurylys","address":"Алматы, КГ Жана Куат, 14-я улица блок 33","status":"in_progress","deadline":"2017-06-30","started_at":null,"stage_note":null,"source_url":"https://krisha.kz/complex/show/bass-townhouse/","updated_at":"2026-09-14T09:27:28+00:00"}},
{"type":"Feature","id":"krisha:bastau","geometry":{"type":"Point","coordinates":[76.91992,43.254999]},"properties":{"id":"krisha:bastau","category":"apartments","name":"ЖК Бастау","builder":"Корпорация ВЕК","address":"Алматы, Алмалинский р-н, ул. Казыбек би, 139","status":"in_progress","deadline":"2016-06-30","started_at":null,"stage_note":null,"source_url":"https://krisha.kz/complex/show/bastau/","updated_at":"2026-09-14T09:28:39+00:00"}},
{"type":"Feature","id":"krisha:bastion","geometry":{"type":"Point","coordinates":[77.028011,43.30637]},"properties":{"id":"krisha:bastion","category":"apartments","name":"ЖК BASTION","builder":"ТОО MR Construction","address":"Алматы, Медеуский р-н, Кульджинский тракт,100/18","status":"in_progress","deadline":"2026-09-30","started_at":null,"stage_note":null,"source_url":"https://krisha.kz/complex/show/almaty/bastion/","updated_at":"2026-09-14T07:41:36+00:00"}},
{"type":"Feature","id":"krisha:batyr","geometry":{"type":"Point","coordinates":[76.899067,43.186934]},"properties":{"id":"krisha:batyr","category":"apartments","name":"ЖК Батыр","builder":"ЖСК Алматы","address":"Алматы, Бостандыкский р-н, ул. Улан, 37а-з – Байтерек","status":"in_progress","deadline":"2012-03-31","started_at":null,"stage_note":null,"source_url":"https://krisha.kz/complex/show/almaty/batyr/","updated_at":"2026-09-14T09:31:36+00:00"}},
{"type":"Feature","id":"krisha:batyspark","geometry":{"type":"Point","coordinates":[76.797822,43.250955]},"properties":{"id":"krisha:batyspark","category":"apartments","name":"ЖК Batys Park","builder":"ZIAL GROUP","address":"Алматы, Алатауский р-н, ул. Шаттык, 24а","status":"in_progress","deadline":"2026-12-31","started_at":null,"stage_note":null,"source_url":"https://krisha.kz/complex/show/almaty/batyspark/","updated_at":"2026-09-14T07:41:40+00:00"}},
{"type":"Feature","id":"krisha:bay-tal","geometry":{"type":"Point","coordinates":[76.871723,43.203956]},"properties":{"id":"krisha:bay-tal","category":"apartments","name":"ЖК Бай-тал","builder":"Alshyn","address":"Алматы, Бостандыкский р-н, ул. Рыскулбекова, 28/1 – Саина","status":"in_progress","deadline":"2015-12-31","started_at":null,"stage_note":null,"source_url":"https://krisha.kz/complex/show/almaty/bay-tal/","updated_at":"2026-09-14T09:29:40+00:00"}},
{"type":"Feature","id":"krisha:bayterek-residence","geometry":{"type":"Point","coordinates":[76.912537,43.206389]},"properties":{"id":"krisha:bayterek-residence","category":"apartments","name":"ЖК Bayterek Residence","builder":"Туркуаз Инвест","address":"Алматы, Бостандыкский р-н, Ходжанова, 92","status":"in_progress","deadline":"2015-09-30","started_at":null,"stage_note":null,"source_url":"https://krisha.kz/complex/show/almaty/bayterek-residence/","updated_at":"2026-09-14T09:29:42+00:00"}},
{"type":"Feature","id":"krisha:bazis-na-zenkova-33","geometry":{"type":"Point","coordinates":[76.957033,43.253082]},"properties":{"id":"krisha:bazis-na-zenkova-33","category":"apartments","name":"ЖК Базис на Зенкова 33","builder":"BAZIS–А","address":"Алматы, Медеуский р-н, ул. Зенкова, 33 – Богенбай батыра","status":"in_progress","deadline":"2004-09-30","started_at":null,"stage_note":null,"source_url":"https://krisha.kz/complex/show/almaty/bazis-na-zenkova-33/","updated_at":"2026-09-14T09:36:09+00:00"}},
{"type":"Feature","id":"krisha:bazis-po-dostyk","geometry":{"type":"Point","coordinates":[76.957654,43.234883]},"properties":{"id":"krisha:bazis-po-dostyk","category":"apartments","name":"ЖК Базис по Достык","builder":"BAZIS–А","address":"Алматы, Медеуский р-н, Достык — Жолдасбекова","status":"in_progress","deadline":"2005-06-30","started_at":null,"stage_note":null,"source_url":"https://krisha.kz/complex/show/almaty/bazis-po-dostyk/","updated_at":"2026-09-14T09:35:42+00:00"}},
{"type":"Feature","id":"krisha:bejbarys-bilding","geometry":{"type":"Point","coordinates":[76.841611,43.21975]},"properties":{"id":"krisha:bejbarys-bilding","category":"apartments","name":"ЖК Бейбарыс Билдинг","builder":"Бейбарыс Билдинг","address":"Алматы, Ауэзовский р-н, мкр “Жетысу-3”, 55 (Абая – Момышулы)","status":"in_progress","deadline":"2005-06-30","started_at":null,"stage_note":null,"source_url":"https://krisha.kz/complex/show/almaty/bejbarys-bilding/","updated_at":"2026-09-14T09:35:45+00:00"}},
{"type":"Feature","id":"krisha:belbulaqhills","geometry":{"type":"Point","coordinates":[77.116556,43.307624]},"properties":{"id":"krisha:belbulaqhills","category":"apartments","name":"Коттеджный городок Belbulaq Hills Townhouse","builder":"TOO Salem Qurylys","address":"Алматы, Талгарский район, с/o Бельбулак","status":"in_progress","deadline":"2023-03-31","started_at":"2022-01-01","stage_note":null,"source_url":"https://krisha.kz/complex/show/almaty/belbulaqhills/","updated_at":"2026-09-14T07:46:34+00:00"}},
{"type":"Feature","id":"krisha:bella-villa-kg","geometry":{"type":"Point","coordinates":[76.865543,43.178658]},"properties":{"id":"krisha:bella-villa-kg","category":"apartments","name":"Коттеджный городок Bella Villa","builder":"Кендала Строй Инвест","address":"Алматы, Наурызбайский р-н, ул. Рыскулбекова, 19, 19/1—26","status":"in_progress","deadline":"2017-09-30","started_at":null,"stage_note":null,"source_url":"https://krisha.kz/complex/show/almaty/bella-villa-kg/","updated_at":"2026-09-14T09:27:30+00:00"}},
{"type":"Feature","id":"krisha:belleview","geometry":{"type":"Point","coordinates":[76.928767,43.214766]},"properties":{"id":"krisha:belleview","category":"apartments","name":"ЖК Belleview","builder":"TOO Mangosteen development","address":"Алматы, Бостандыкский р-н, ул. Каппарова, 187","status":"in_progress","deadline":"2023-03-31","started_at":"2022-01-01","stage_note":null,"source_url":"https://krisha.kz/complex/show/almaty/belleview/","updated_at":"2026-09-14T07:46:35+00:00"}},
{"type":"Feature","id":"krisha:benelux","geometry":{"type":"Point","coordinates":[76.877718,43.190492]},"properties":{"id":"krisha:benelux","category":"apartments","name":"Клубный дом Benelux","builder":"BAZIS–А","address":"Алматы, Бостандыкский р-н, мкр. Мирас","status":"in_progress","deadline":"2026-06-30","started_at":"2025-07-01","stage_note":null,"source_url":"https://krisha.kz/complex/show/almaty/benelux/","updated_at":"2026-09-14T07:42:46+00:00"}},
{"type":"Feature","id":"krisha:bereke","geometry":{"type":"Point","coordinates":[76.895273,43.249796]},"properties":{"id":"krisha:bereke","category":"apartments","name":"ЖК Береке","builder":"East Capital Limited ТОО","address":"Алматы, Алмалинский р-н, ул. Богенбай батыра, 279 – Айманова","status":"in_progress","deadline":"2011-12-31","started_at":null,"stage_note":null,"source_url":"https://krisha.kz/complex/show/almaty/bereke/","updated_at":"2026-09-14T09:32:09+00:00"}},
{"type":"Feature","id":"krisha:berekeli","geometry":{"type":"Point","coordinates":[76.872059,43.248146]},"properties":{"id":"krisha:berekeli","category":"apartments","name":"ЖК BEREKELI","builder":"SVOYDOM","address":"Алматы, Алмалинский р-н, ул. Толе би, 290/1","status":"in_progress","deadline":"2026-03-31","started_at":null,"stage_note":null,"source_url":"https://krisha.kz/complex/show/almaty/berekeli/","updated_at":"2026-09-14T07:41:42+00:00"}},
{"type":"Feature","id":"krisha:bereket","geometry":{"type":"Point","coordinates":[76.858977,43.209725]},"properties":{"id":"krisha:bereket","category":"apartments","name":"ЖК Берекет","builder":"BI Group Юг","address":"Алматы, Ауэзовский р-н, ул. Мустай Карим, 13а","status":"done","deadline":"2019-06-30","started_at":"2022-01-01","stage_note":null,"source_url":"https://krisha.kz/complex/show/bereket/","updated_at":"2026-09-14T09:24:25+00:00"}},
{"type":"Feature","id":"krisha:bestulga","geometry":{"type":"Point","coordinates":[76.894038,43.236957]},"properties":{"id":"krisha:bestulga","category":"apartments","name":"ЖК Бес Тулга","builder":"Атамекен","address":"Алматы, Бостандыкский р-н, просп. Гагарина, 127 / ул. Мынбаева, 91","status":"in_progress","deadline":"2016-12-31","started_at":null,"stage_note":null,"source_url":"https://krisha.kz/complex/show/almaty/bestulga/","updated_at":"2026-09-14T09:28:44+00:00"}},
{"type":"Feature","id":"krisha:beverlyhills","geometry":{"type":"Point","coordinates":[76.988453,43.215043]},"properties":{"id":"krisha:beverlyhills","category":"apartments","name":"ЖК Beverly Hills","builder":"BAAS GROUP","address":"Алматы, Медеуский р-н, Мкрн. Юбилейный","status":"in_progress","deadline":"2022-06-30","started_at":null,"stage_note":null,"source_url":"https://krisha.kz/complex/show/almaty/beverlyhills/","updated_at":"2026-09-14T07:48:11+00:00"}},
{"type":"Feature","id":"krisha:biography","geometry":{"type":"Point","coordinates":[76.866135,43.182304]},"properties":{"id":"krisha:biography","category":"apartments","name":"ЖК Biography","builder":"BI Group Юг","address":"Алматы, Наурызбайский р-н, мкр. Рахат, ул. Култобе, 1/2","status":"done","deadline":"2025-12-31","started_at":"2025-07-01","stage_note":null,"source_url":"https://krisha.kz/complex/show/almaty/biography/","updated_at":"2026-09-14T07:40:41+00:00"}},
{"type":"Feature","id":"krisha:blackberryhills","geometry":{"type":"Point","coordinates":[76.950142,43.206705]},"properties":{"id":"krisha:blackberryhills","category":"apartments","name":"Таунхаус Blackberry Hills","builder":"New Estate","address":"Алматы, Медеуский р-н, улица 4-ая, 2","status":"in_progress","deadline":"2022-09-30","started_at":"2022-01-01","stage_note":"3 очереди, последняя — Q3 2022","source_url":"https://krisha.kz/complex/show/almaty/blackberryhills/","updated_at":"2026-09-14T07:50:50+00:00"}},
{"type":"Feature","id":"krisha:bloom-house","geometry":{"type":"Point","coordinates":[76.946048,43.219398]},"properties":{"id":"krisha:bloom-house","category":"apartments","name":"ЖК Bloom House","builder":"АТА СТРОЙ","address":"Алматы, Медеуский р-н, ул. Манаева, 92","status":"in_progress","deadline":"2017-06-30","started_at":null,"stage_note":null,"source_url":"https://krisha.kz/complex/show/bloom-house/","updated_at":"2026-09-14T09:27:33+00:00"}},
{"type":"Feature","id":"krisha:bogenbaibatyra","geometry":{"type":"Point","coordinates":[76.970182,43.255036]},"properties":{"id":"krisha:bogenbaibatyra","category":"apartments","name":"ЖК На Богенбай Батыра","builder":"Риголит","address":"Алматы, Медеуский р-н, ул. Богенбай батыра, 23а, 23/3","status":"in_progress","deadline":"2016-12-31","started_at":null,"stage_note":null,"source_url":"https://krisha.kz/complex/show/almaty/bogenbaibatyra/","updated_at":"2026-09-14T07:50:48+00:00"}},
{"type":"Feature","id":"krisha:bolashak","geometry":{"type":"Point","coordinates":[76.896472,43.321876]},"properties":{"id":"krisha:bolashak","category":"apartments","name":"ЖК Болашак","builder":"TOO A-PRAID-DALA","address":"Алматы, Алатауский р-н, ул. Жапсарбаева, 68","status":"in_progress","deadline":"2022-12-31","started_at":"2022-01-01","stage_note":null,"source_url":"https://krisha.kz/complex/show/almaty/bolashak/","updated_at":"2026-09-14T07:46:39+00:00"}},
{"type":"Feature","id":"krisha:botanicbulvar","geometry":{"type":"Point","coordinates":[76.90348,43.230944]},"properties":{"id":"krisha:botanicbulvar","category":"apartments","name":"ЖК Ботанический Бульвар","builder":"Рамс Казахстан","address":"Алматы, Бостандыкский р-н, ул. Ауэзова, 163а","status":"in_progress","deadline":"2013-12-31","started_at":null,"stage_note":null,"source_url":"https://krisha.kz/complex/show/almaty/botanicbulvar/","updated_at":"2026-09-14T09:31:02+00:00"}},
{"type":"Feature","id":"krisha:botanicheskij-cad","geometry":{"type":"Point","coordinates":[76.909777,43.214623]},"properties":{"id":"krisha:botanicheskij-cad","category":"apartments","name":"ЖК Ботанический Cад","builder":"BAZIS–А","address":"Алматы, Бостандыкский р-н, ул. Ботанический Сад, 17","status":"in_progress","deadline":"2003-06-30","started_at":null,"stage_note":null,"source_url":"https://krisha.kz/complex/show/almaty/botanicheskij-cad/","updated_at":"2026-09-14T09:36:50+00:00"}},
{"type":"Feature","id":"krisha:boulevardresidence","geometry":{"type":"Point","coordinates":[76.925236,43.235985]},"properties":{"id":"krisha:boulevardresidence","category":"apartments","name":"ЖК Boulevard Residence","builder":"BI Group Юг","address":"Алматы, ул. Минина","status":"done","deadline":"2024-12-31","started_at":"2023-01-01","stage_note":null,"source_url":"https://krisha.kz/complex/show/almaty/boulevardresidence/","updated_at":"2026-09-14T07:44:39+00:00"}},
{"type":"Feature","id":"krisha:braun","geometry":{"type":"Point","coordinates":[76.895909,43.20105]},"properties":{"id":"krisha:braun","category":"apartments","name":"ЖК Braun","builder":"Tau Development","address":"Алматы, Бостандыкский р-н, ул. Кожабекова, 17/1","status":"done","deadline":"2019-12-31","started_at":null,"stage_note":null,"source_url":"https://krisha.kz/complex/show/braun/","updated_at":"2026-09-14T09:24:28+00:00"}},
{"type":"Feature","id":"krisha:brighthills","geometry":{"type":"Point","coordinates":[76.899683,43.169075]},"properties":{"id":"krisha:brighthills","category":"apartments","name":"ЖК Bright Hills","builder":"РБТ групп","address":"Алматы, Бостандыкский р-н, Мкр Нурлытау, ул. 6-я, 66","status":"in_progress","deadline":"2019-12-31","started_at":null,"stage_note":"2 очереди, последняя — Q4 2019","source_url":"https://krisha.kz/complex/show/almaty/brighthills/","updated_at":"2026-09-14T09:24:31+00:00"}},
{"type":"Feature","id":"krisha:bromelia","geometry":{"type":"Point","coordinates":[76.858309,43.210998]},"properties":{"id":"krisha:bromelia","category":"apartments","name":"ЖК Bromelia","builder":"K7 Group","address":"Алматы, Ауэзовский р-н, микрорайон Астана, 1/19","status":"in_progress","deadline":"2025-06-30","started_at":null,"stage_note":null,"source_url":"https://krisha.kz/complex/show/almaty/bromelia/","updated_at":"2026-09-14T07:42:51+00:00"}},
{"type":"Feature","id":"krisha:buhar-zhyrau-taujers","geometry":{"type":"Point","coordinates":[76.923505,43.234271]},"properties":{"id":"krisha:buhar-zhyrau-taujers","category":"apartments","name":"ЖК Бухар Жырау Тауэрс","builder":"ТОО «Науан Корп»","address":"Алматы, Бостандыкский р-н, бульвар Бухар жырау, 27/5, 27/5а, 27/5б, 27/5в","status":"in_progress","deadline":"2009-03-31","started_at":null,"stage_note":null,"source_url":"https://krisha.kz/complex/show/almaty/buhar-zhyrau-taujers/","updated_at":"2026-09-14T09:33:09+00:00"}},
{"type":"Feature","id":"krisha:butaalbion","geometry":{"type":"Point","coordinates":[76.995927,43.305058]},"properties":{"id":"krisha:butaalbion","category":"apartments","name":"ЖК BUTA Albion","builder":"BUTA Group","address":"Алматы, мкр. Кайрат, уч. 377","status":"in_progress","deadline":"2026-06-30","started_at":"2025-07-01","stage_note":"2 очереди, последняя — Q2 2026","source_url":"https://krisha.kz/complex/show/almaty/butaalbion/","updated_at":"2026-09-14T07:42:38+00:00"}},
{"type":"Feature","id":"krisha:butafenomen","geometry":{"type":"Point","coordinates":[76.820062,43.258198]},"properties":{"id":"krisha:butafenomen","category":"apartments","name":"ЖК BUTA Fenomen","builder":"BUTA Group","address":"Алматы, Алатауский р-н, Микрорайон Нуркент","status":"done","deadline":"2025-09-30","started_at":"2023-01-01","stage_note":"3 очереди сданы","source_url":"https://krisha.kz/complex/show/almaty/butafenomen/","updated_at":"2026-09-14T07:44:41+00:00"}},
{"type":"Feature","id":"krisha:butalegacy","geometry":{"type":"Point","coordinates":[77.003849,43.306177]},"properties":{"id":"krisha:butalegacy","category":"apartments","name":"ЖК BUTA Legacy","builder":"BUTA Group","address":"Алматы, Турксибский р-н, мкр. Кайрат, улица Тараз 1/1","status":"done","deadline":"2024-06-30","started_at":"2023-07-01","stage_note":"3 очереди сданы","source_url":"https://krisha.kz/complex/show/almaty/butalegacy/","updated_at":"2026-09-14T07:46:41+00:00"}},
{"type":"Feature","id":"krisha:butalegend","geometry":{"type":"Point","coordinates":[76.867057,43.268015]},"properties":{"id":"krisha:butalegend","category":"apartments","name":"ЖК BUTA Legend","builder":"BUTA Group","address":"Алматы, Алатауский р-н, ул. Рыскулова, 103/6","status":"done","deadline":"2025-06-30","started_at":"2025-07-01","stage_note":null,"source_url":"https://krisha.kz/complex/show/almaty/butalegend/","updated_at":"2026-09-14T07:42:52+00:00"}},
{"type":"Feature","id":"krisha:butameken","geometry":{"type":"Point","coordinates":[76.796282,43.238277]},"properties":{"id":"krisha:butameken","category":"apartments","name":"ЖК BUTA Meken","builder":"BUTA Group","address":"Алматы, Алатауский р-н, ул. Марток, 21/1а","status":"in_progress","deadline":"2027-12-31","started_at":null,"stage_note":null,"source_url":"https://krisha.kz/complex/show/almaty/butameken/","updated_at":"2026-09-14T07:41:09+00:00"}},
{"type":"Feature","id":"krisha:california","geometry":{"type":"Point","coordinates":[76.896878,43.146253]},"properties":{"id":"krisha:california","category":"apartments","name":"Таунхаус California","builder":"ТОО Asia Development Group","address":"Алматы, Бостандыкский р-н, улица Природа 70","status":"in_progress","deadline":"2022-06-30","started_at":"2022-01-01","stage_note":null,"source_url":"https://krisha.kz/complex/show/almaty/california/","updated_at":"2026-09-14T07:48:13+00:00"}},
{"type":"Feature","id":"krisha:capitalclub","geometry":{"type":"Point","coordinates":[76.881956,43.19087]},"properties":{"id":"krisha:capitalclub","category":"apartments","name":"Клубный дом Capital Club","builder":"Capital Invest Construction","address":"Алматы, Бостандыкский р-н, микрорайон Мирас, ул. Садыкова","status":"in_progress","deadline":"2022-12-31","started_at":"2022-01-01","stage_note":null,"source_url":"https://krisha.kz/complex/show/almaty/capitalclub/","updated_at":"2026-09-14T07:48:15+00:00"}},
{"type":"Feature","id":"krisha:central-avenue","geometry":{"type":"Point","coordinates":[76.939114,43.230188]},"properties":{"id":"krisha:central-avenue","category":"apartments","name":"ЖК Central Avenue","builder":"BI Group Юг","address":"Алматы, Бостандыкский р-н, проспект Сейфуллина, 574/1 к3","status":"done","deadline":"2023-06-30","started_at":"2022-01-01","stage_note":"4 очереди сданы","source_url":"https://krisha.kz/complex/show/central-avenue/","updated_at":"2026-09-14T09:24:22+00:00"}},
{"type":"Feature","id":"krisha:central-esentai-residence","geometry":{"type":"Point","coordinates":[76.919645,43.23407]},"properties":{"id":"krisha:central-esentai-residence","category":"apartments","name":"ЖК Central Esentai Residence","builder":"Завод «Электрокабель»","address":"Алматы, Бостандыкский р-н, бульвар Мусрепова, 22 — Сатпаева","status":"in_progress","deadline":"2020-06-30","started_at":null,"stage_note":"2 очереди, последняя — Q2 2020","source_url":"https://krisha.kz/complex/show/central-esentai-residence/","updated_at":"2026-09-14T09:24:32+00:00"}},
{"type":"Feature","id":"krisha:central-nyy","geometry":{"type":"Point","coordinates":[76.931371,43.243836]},"properties":{"id":"krisha:central-nyy","category":"apartments","name":"ЖК Центральный","builder":"Темир Пром XXI","address":"Алматы, Алмалинский р-н, ул. Курмангазы, 97, между пр. Сейфуллина и ул. Масанчи","status":"in_progress","deadline":"2018-06-30","started_at":null,"stage_note":null,"source_url":"https://krisha.kz/complex/show/central-nyy/","updated_at":"2026-09-14T09:26:17+00:00"}},
{"type":"Feature","id":"krisha:central-park-residence","geometry":{"type":"Point","coordinates":[76.960745,43.260771]},"properties":{"id":"krisha:central-park-residence","category":"apartments","name":"ЖК Central Park Residence","builder":"Рамс Казахстан","address":"Алматы, Медеуский р-н, Гоголя — Каирбекова","status":"in_progress","deadline":"2015-03-31","started_at":null,"stage_note":null,"source_url":"https://krisha.kz/complex/show/almaty/central-park-residence/","updated_at":"2026-09-14T09:29:43+00:00"}},
{"type":"Feature","id":"krisha:centralniynatulebayeva","geometry":{"type":"Point","coordinates":[76.948231,43.253728]},"properties":{"id":"krisha:centralniynatulebayeva","category":"apartments","name":"ЖК Центральный на Тулебаева","builder":"SABA GROUP KZ","address":"Алматы, Медеуский р-н, ул. Тулебаева, 95/1","status":"in_progress","deadline":"2022-06-30","started_at":"2023-04-01","stage_note":null,"source_url":"https://krisha.kz/complex/show/almaty/centralniynatulebayeva/","updated_at":"2026-09-14T07:48:17+00:00"}},
{"type":"Feature","id":"krisha:centrium","geometry":{"type":"Point","coordinates":[76.89022,43.238011]},"properties":{"id":"krisha:centrium","category":"apartments","name":"ЖК Centrium","builder":"Crystal Solutions","address":"Алматы, Бостандыкский р-н, ул. Абая, 118","status":"done","deadline":"2026-03-31","started_at":"2023-04-01","stage_note":"3 очереди сданы","source_url":"https://krisha.kz/complex/show/almaty/centrium/","updated_at":"2026-09-14T07:44:43+00:00"}},
{"type":"Feature","id":"krisha:cheh-terracy","geometry":{"type":"Point","coordinates":[76.972833,43.252026]},"properties":{"id":"krisha:cheh-terracy","category":"apartments","name":"ЖК Чешские террасы","builder":"Codeco Kazakhstan","address":"Алматы, Медеуский р-н, ул. Камар Сулу, 64а","status":"in_progress","deadline":"2015-09-30","started_at":null,"stage_note":null,"source_url":"https://krisha.kz/complex/show/almaty/cheh-terracy/","updated_at":"2026-09-14T09:30:34+00:00"}},
{"type":"Feature","id":"krisha:chocolate","geometry":{"type":"Point","coordinates":[76.966768,43.264545]},"properties":{"id":"krisha:chocolate","category":"apartments","name":"ЖК Chocolate","builder":"BI Group Юг","address":"Алматы, Медеуский р-н, ул. Макатаева, 2","status":"done","deadline":"2021-06-30","started_at":null,"stage_note":null,"source_url":"https://krisha.kz/complex/show/almaty/chocolate/","updated_at":"2026-09-14T07:50:53+00:00"}},
{"type":"Feature","id":"krisha:citadel","geometry":{"type":"Point","coordinates":[76.934151,43.219619]},"properties":{"id":"krisha:citadel","category":"apartments","name":"ЖК Цитадель","builder":"ЖСК Алматы","address":"Алматы, Медеуский р-н, Аль-Фараби — Шашкина","status":"in_progress","deadline":"2004-03-31","started_at":null,"stage_note":null,"source_url":"https://krisha.kz/complex/show/almaty/citadel/","updated_at":"2026-09-14T09:36:25+00:00"}},
{"type":"Feature","id":"krisha:city-park","geometry":{"type":"Point","coordinates":[76.96487,43.264026]},"properties":{"id":"krisha:city-park","category":"apartments","name":"ЖК City Park","builder":"Qazaqstroy","address":"Алматы, Медеуский р-н, ул. Бузурбаева, 4Б блок 1","status":"in_progress","deadline":"2018-03-31","started_at":null,"stage_note":null,"source_url":"https://krisha.kz/complex/show/almaty/city-park/","updated_at":"2026-09-14T09:26:19+00:00"}},
{"type":"Feature","id":"krisha:cityplus","geometry":{"type":"Point","coordinates":[76.852302,43.24697]},"properties":{"id":"krisha:cityplus","category":"apartments","name":"ЖК City Plus","builder":"Qazaqstroy","address":"Алматы, Ауэзовский р-н, ул. Толе би, 285/8 к1, 285/8 к2, 285/8 к3, 285/8 к4, 285/8 к5, 285/8 к6, 285/8 к7, 285/8 к8, 285/8 к9, 285/8 к10, 285/8 к11","status":"done","deadline":"2024-09-30","started_at":"2022-01-01","stage_note":"3 очереди сданы","source_url":"https://krisha.kz/complex/show/almaty/cityplus/","updated_at":"2026-09-14T08:20:48+00:00"}},
{"type":"Feature","id":"krisha:comfortcity","geometry":{"type":"Point","coordinates":[76.899602,43.200674]},"properties":{"id":"krisha:comfortcity","category":"apartments","name":"ЖК Комфорт Сити","builder":"SABA GROUP KZ","address":"Алматы, Бостандыкский р-н, ул. Гагарина, 310","status":"done","deadline":"2023-12-31","started_at":"2022-01-01","stage_note":"3 очереди сданы","source_url":"https://krisha.kz/complex/show/almaty/comfortcity/","updated_at":"2026-09-14T07:47:09+00:00"}},
{"type":"Feature","id":"krisha:cordial","geometry":{"type":"Point","coordinates":[76.840865,43.210279]},"properties":{"id":"krisha:cordial","category":"apartments","name":"ЖК Cordial","builder":"Cordial Construction","address":"Алматы, Ауэзовский р-н, мкр «Мамыр-7», 21 (Пригородная — Шаляпина)","status":"in_progress","deadline":"2015-12-31","started_at":null,"stage_note":null,"source_url":"https://krisha.kz/complex/show/cordial/","updated_at":"2026-09-14T09:29:48+00:00"}},
{"type":"Feature","id":"krisha:crystal-air-village-kg","geometry":{"type":"Point","coordinates":[76.859168,43.181492]},"properties":{"id":"krisha:crystal-air-village-kg","category":"apartments","name":"Коттеджный городок Crystal Air Village","builder":"TS Engineering","address":"Алматы, Каргалинка, ул. Кристал Эйр, 1–69","status":"in_progress","deadline":"2004-03-31","started_at":null,"stage_note":null,"source_url":"https://krisha.kz/complex/show/almaty/crystal-air-village-kg/","updated_at":"2026-09-14T09:36:11+00:00"}},
{"type":"Feature","id":"krisha:curih","geometry":{"type":"Point","coordinates":[76.844188,43.182631]},"properties":{"id":"krisha:curih","category":"apartments","name":"ЖК Цюрих","builder":"Miras Green Technology Building","address":"Алматы, Наурызбайский р-н, мкр.Карагайлы, ул.Сейтбекова","status":"in_progress","deadline":"2024-09-30","started_at":"2022-01-01","stage_note":"3 очереди, последняя — Q3 2024","source_url":"https://krisha.kz/complex/show/almaty/curih/","updated_at":"2026-09-14T07:44:54+00:00"}},
{"type":"Feature","id":"krisha:dajmond-grupp","geometry":{"type":"Point","coordinates":[76.892565,43.196793]},"properties":{"id":"krisha:dajmond-grupp","category":"apartments","name":"ЖК Даймонд Групп","builder":"Даймонд групп","address":"Алматы, Бостандыкский р-н, ул. Розыбакиева, 283/1 блок 1 — Аль-Фараби","status":"in_progress","deadline":"2014-06-30","started_at":null,"stage_note":null,"source_url":"https://krisha.kz/complex/show/almaty/dajmond-grupp/","updated_at":"2026-09-14T09:30:36+00:00"}},
{"type":"Feature","id":"krisha:dashause","geometry":{"type":"Point","coordinates":[76.968883,43.2169]},"properties":{"id":"krisha:dashause","category":"apartments","name":"ЖК DAS HAUS","builder":"Invescore Alma","address":"Алматы, Медеуский р-н, ул.Чайкиной, 5/1","status":"in_progress","deadline":"2024-09-30","started_at":"2023-10-01","stage_note":null,"source_url":"https://krisha.kz/complex/show/almaty/dashause/","updated_at":"2026-09-14T07:44:58+00:00"}},
{"type":"Feature","id":"krisha:dastur","geometry":{"type":"Point","coordinates":[76.798064,43.199362]},"properties":{"id":"krisha:dastur","category":"apartments","name":"ЖК DASTUR","builder":"BI Group Юг","address":"Алматы, Наурызбайский р-н, ул. Белжайлау, 47а","status":"in_progress","deadline":"2027-03-31","started_at":"2025-07-01","stage_note":"1-я очередь из 4, сдача Q3 2026","source_url":"https://krisha.kz/complex/show/almaty/dastur/","updated_at":"2026-09-14T07:40:35+00:00"}},
{"type":"Feature","id":"krisha:deputatskij","geometry":{"type":"Point","coordinates":[76.913338,43.207058]},"properties":{"id":"krisha:deputatskij","category":"apartments","name":"ЖК Депутатский","builder":"ЖСК Алматы","address":"Алматы, Медеуский р-н, Аль-Фараби — Ходжанова","status":"in_progress","deadline":"2007-03-31","started_at":null,"stage_note":null,"source_url":"https://krisha.kz/complex/show/almaty/deputatskij/","updated_at":"2026-09-14T09:34:29+00:00"}},
{"type":"Feature","id":"krisha:dialin","geometry":{"type":"Point","coordinates":[76.945917,43.25814]},"properties":{"id":"krisha:dialin","category":"apartments","name":"ЖК Диалин","builder":"ЖСК Алматы","address":"Алматы, Алмалинский р-н, ул. Айтеке би, 56 – Фурманова","status":"in_progress","deadline":"2015-12-31","started_at":null,"stage_note":null,"source_url":"https://krisha.kz/complex/show/dialin/","updated_at":"2026-09-14T09:29:50+00:00"}},
{"type":"Feature","id":"krisha:dialresidence","geometry":{"type":"Point","coordinates":[76.932299,43.255219]},"properties":{"id":"krisha:dialresidence","category":"apartments","name":"ЖК Dial Residence","builder":"DIAL GROUP","address":"Алматы, Алмалинский р-н, просп. Сейфуллина, 533","status":"in_progress","deadline":"2022-12-31","started_at":"2022-01-01","stage_note":null,"source_url":"https://krisha.kz/complex/show/almaty/dialresidence/","updated_at":"2026-09-14T07:48:26+00:00"}},
{"type":"Feature","id":"krisha:diamond","geometry":{"type":"Point","coordinates":[76.895395,43.201574]},"properties":{"id":"krisha:diamond","category":"apartments","name":"ЖК Diamond","builder":"Kusto Home","address":"Алматы, Бостандыкский р-н, ул. Брауна 24/4","status":"in_progress","deadline":"2028-06-30","started_at":"2026-01-01","stage_note":null,"source_url":"https://krisha.kz/complex/show/almaty/diamond/","updated_at":"2026-09-14T07:40:10+00:00"}},
{"type":"Feature","id":"krisha:dimondhills","geometry":{"type":"Point","coordinates":[76.899848,43.167602]},"properties":{"id":"krisha:dimondhills","category":"apartments","name":"ЖК Diamond Hills","builder":"Diamond Hills","address":"Алматы, Бостандыкский р-н, мкрн Ерменсай, 6 - ул. Звёздная","status":"in_progress","deadline":"2020-12-31","started_at":null,"stage_note":null,"source_url":"https://krisha.kz/complex/show/almaty/dimondhills/","updated_at":"2026-09-14T09:23:07+00:00"}},
{"type":"Feature","id":"krisha:dolcevitaresidences","geometry":{"type":"Point","coordinates":[76.838808,43.193249]},"properties":{"id":"krisha:dolcevitaresidences","category":"apartments","name":"ЖК Dolce Vita Residence","builder":"ТОО \"Ал-Афи Лимитед\"","address":"Алматы, Наурызбайский р-н, ул. Герольда Бельгера, 1Б","status":"done","deadline":"2024-12-31","started_at":"2022-01-01","stage_note":"5 очередей сдано","source_url":"https://krisha.kz/complex/show/almaty/dolcevitaresidences/","updated_at":"2026-09-14T09:23:10+00:00"}},
{"type":"Feature","id":"krisha:dolina-roz","geometry":{"type":"Point","coordinates":[76.877414,43.186596]},"properties":{"id":"krisha:dolina-roz","category":"apartments","name":"ЖК Долина роз","builder":"BAZIS–А","address":"Алматы, Бостандыкский р-н, мкр «Мирас», 53–64","status":"in_progress","deadline":"2006-12-31","started_at":null,"stage_note":null,"source_url":"https://krisha.kz/complex/show/almaty/dolina-roz/","updated_at":"2026-09-14T09:35:10+00:00"}},
{"type":"Feature","id":"krisha:dom-na-abaya","geometry":{"type":"Point","coordinates":[76.895564,43.237604]},"properties":{"id":"krisha:dom-na-abaya","category":"apartments","name":"ЖК Дом на Абая","builder":"Рамс Казахстан","address":"Алматы, Бостандыкский р-н, Гагарина проспект, 124","status":"in_progress","deadline":"2019-09-30","started_at":"2022-01-01","stage_note":null,"source_url":"https://krisha.kz/complex/show/dom-na-abaya/","updated_at":"2026-09-14T09:24:08+00:00"}},
{"type":"Feature","id":"krisha:dominolife","geometry":{"type":"Point","coordinates":[76.955186,43.205516]},"properties":{"id":"krisha:dominolife","category":"apartments","name":"ЖК Domino life","builder":"Interstroy Engineering","address":"Алматы, Медеуский р-н, ул. Жамакаева, 308","status":"in_progress","deadline":"2023-03-31","started_at":"2023-04-01","stage_note":null,"source_url":"https://krisha.kz/complex/show/almaty/dominolife/","updated_at":"2026-09-14T07:46:49+00:00"}},
{"type":"Feature","id":"krisha:domnagagarina","geometry":{"type":"Point","coordinates":[76.896991,43.223599]},"properties":{"id":"krisha:domnagagarina","category":"apartments","name":"ЖК Дом на Гагарина","builder":"KazBuild Development","address":"Алматы, Бостандыкский р-н, пр. Гагарина, 194","status":"in_progress","deadline":"2019-12-31","started_at":"2022-01-01","stage_note":null,"source_url":"https://krisha.kz/complex/show/almaty/domnagagarina/","updated_at":"2026-09-14T09:24:36+00:00"}},
{"type":"Feature","id":"krisha:dostardeluxe","geometry":{"type":"Point","coordinates":[76.826695,43.351392]},"properties":{"id":"krisha:dostardeluxe","category":"apartments","name":"ЖК Достар Deluxe","builder":"Relaible Building Company","address":"Алматы, Алатауский р-н, мкр. Мадениет 185/8","status":"in_progress","deadline":"2024-06-30","started_at":null,"stage_note":null,"source_url":"https://krisha.kz/complex/show/almaty/dostardeluxe/","updated_at":"2026-09-14T07:45:00+00:00"}},
{"type":"Feature","id":"krisha:dostyk","geometry":{"type":"Point","coordinates":[76.8972,43.320008]},"properties":{"id":"krisha:dostyk","category":"apartments","name":"ЖК Dostyk","builder":"Egemen Company","address":"Алматы, Алатауский р-н, ул. Шоссе Северное кольцо, 92/10","status":"done","deadline":"2024-12-31","started_at":"2022-01-01","stage_note":"4 очереди сданы","source_url":"https://krisha.kz/complex/show/almaty/dostyk/","updated_at":"2026-09-14T07:46:51+00:00"}},
{"type":"Feature","id":"krisha:dostyk-dom-290","geometry":{"type":"Point","coordinates":[76.965459,43.216507]},"properties":{"id":"krisha:dostyk-dom-290","category":"apartments","name":"ЖК Достык, дом 290","builder":"BAZIS–А","address":"Алматы, Медеуский р-н, Достык 290, уг. Крючкова","status":"in_progress","deadline":"2004-03-31","started_at":null,"stage_note":null,"source_url":"https://krisha.kz/complex/show/almaty/dostyk-dom-290/","updated_at":"2026-09-14T09:36:05+00:00"}},
{"type":"Feature","id":"krisha:dostyk-kg","geometry":{"type":"Point","coordinates":[76.798929,43.216966]},"properties":{"id":"krisha:dostyk-kg","category":"apartments","name":"Коттеджный городок Достык","builder":"Инвестиционная компания B.I.G","address":"Алматы, Наурызбайский р-н, микрорайон Шугыла, ул. Раимбека","status":"in_progress","deadline":"2016-12-31","started_at":null,"stage_note":null,"source_url":"https://krisha.kz/complex/show/dostyk-kg/","updated_at":"2026-09-14T09:28:48+00:00"}},
{"type":"Feature","id":"krisha:dostyk-residence","geometry":{"type":"Point","coordinates":[76.964737,43.220339]},"properties":{"id":"krisha:dostyk-residence","category":"apartments","name":"ЖК Dostyk Residence","builder":"Halyk Active","address":"Алматы, Медеуский р-н, ул. Митина, 4","status":"in_progress","deadline":"2017-03-31","started_at":null,"stage_note":null,"source_url":"https://krisha.kz/complex/show/dostyk-residence/","updated_at":"2026-09-14T09:27:41+00:00"}},
{"type":"Feature","id":"krisha:dostyq300","geometry":{"type":"Point","coordinates":[76.965779,43.211492]},"properties":{"id":"krisha:dostyq300","category":"apartments","name":"ЖК DOSTYQ 300","builder":"Sensata Group","address":"Алматы, Медеуский р-н, ул. Достык, 300","status":"in_progress","deadline":"2025-09-30","started_at":"2025-07-01","stage_note":"2 очереди, последняя — Q3 2025","source_url":"https://krisha.kz/complex/show/almaty/dostyq300/","updated_at":"2026-09-14T07:44:06+00:00"}},
{"type":"Feature","id":"krisha:doublestar","geometry":{"type":"Point","coordinates":[76.923999,43.249032]},"properties":{"id":"krisha:doublestar","category":"apartments","name":"ЖК Double Star","builder":"GAB Construction","address":"Алматы, Алмалинский р-н, ул. Досмухамедова, 79","status":"in_progress","deadline":"2021-12-31","started_at":"2022-01-01","stage_note":null,"source_url":"https://krisha.kz/complex/show/almaty/doublestar/","updated_at":"2026-09-14T08:21:03+00:00"}},
{"type":"Feature","id":"krisha:dragoncity","geometry":{"type":"Point","coordinates":[76.89539,43.297665]},"properties":{"id":"krisha:dragoncity","category":"apartments","name":"ЖК Dragon City","builder":"Karpat Group","address":"Алматы, Жетысуский р-н, Северное кольцо, 29, угол Бокейханова","status":"in_progress","deadline":"2022-09-30","started_at":null,"stage_note":"2 очереди, последняя — Q3 2022","source_url":"https://krisha.kz/complex/show/almaty/dragoncity/","updated_at":"2026-09-14T08:20:50+00:00"}},
{"type":"Feature","id":"krisha:dreamcityart","geometry":{"type":"Point","coordinates":[77.017918,43.300838]},"properties":{"id":"krisha:dreamcityart","category":"apartments","name":"ЖК Dream City. Art","builder":"BI Group Юг","address":"Алматы, Медеуский р-н, ул. Приканальная БАК, 99а","status":"in_progress","deadline":"2027-03-31","started_at":null,"stage_note":"1-я очередь из 2, сдача Q4 2026","source_url":"https://krisha.kz/complex/show/almaty/dreamcityart/","updated_at":"2026-09-14T07:40:33+00:00"}},
{"type":"Feature","id":"krisha:dreamcityeco","geometry":{"type":"Point","coordinates":[76.994698,43.309332]},"properties":{"id":"krisha:dreamcityeco","category":"apartments","name":"Бигвилль Dream City. Eco","builder":"BI Group Юг","address":"Алматы, Турксибский р-н, Кайрат микрорайон, 716/16","status":"in_progress","deadline":"2026-09-30","started_at":null,"stage_note":"3-я очередь из 3, сдача Q3 2026","source_url":"https://krisha.kz/complex/show/almaty/dreamcityeco/","updated_at":"2026-09-14T07:40:44+00:00"}},
{"type":"Feature","id":"krisha:dreamcityfamily","geometry":{"type":"Point","coordinates":[77.005858,43.306576]},"properties":{"id":"krisha:dreamcityfamily","category":"apartments","name":"Бигвилль Dream City. Family","builder":"BI Group Юг","address":"Алматы, Турксибский р-н, ул. Тараз, 8/1","status":"in_progress","deadline":"2026-12-31","started_at":"2025-07-01","stage_note":"2-я очередь из 2, сдача Q4 2026","source_url":"https://krisha.kz/complex/show/almaty/dreamcityfamily/","updated_at":"2026-09-14T07:40:43+00:00"}},
{"type":"Feature","id":"krisha:dreamcitypromenade","geometry":{"type":"Point","coordinates":[77.019145,43.302242]},"properties":{"id":"krisha:dreamcitypromenade","category":"apartments","name":"ЖК Dream City. Promenade","builder":"BI Group Юг","address":"Алматы, Медеуский р-н, Кульджинский тракт","status":"in_progress","deadline":"2028-06-30","started_at":null,"stage_note":null,"source_url":"https://krisha.kz/complex/show/almaty/dreamcitypromenade/","updated_at":"2026-09-14T07:40:58+00:00"}},
{"type":"Feature","id":"krisha:dreamcitytech","geometry":{"type":"Point","coordinates":[77.014477,43.305323]},"properties":{"id":"krisha:dreamcitytech","category":"apartments","name":"ЖК Dream City. Tech","builder":"BI Group Юг","address":"Алматы, Медеуский р-н, ул. Кульджинский тр-т, 80/1","status":"in_progress","deadline":"2026-12-31","started_at":"2025-07-01","stage_note":null,"source_url":"https://krisha.kz/complex/show/almaty/dreamcitytech/","updated_at":"2026-09-14T07:41:45+00:00"}},
{"type":"Feature","id":"krisha:dubrovka","geometry":{"type":"Point","coordinates":[76.994726,43.190523]},"properties":{"id":"krisha:dubrovka","category":"apartments","name":"Коттеджный городок Дубровка","builder":"Atrix Group","address":"Алматы, ул. Керей -Жанибек хандар, 232","status":"in_progress","deadline":"2025-12-31","started_at":"2025-07-01","stage_note":null,"source_url":"https://krisha.kz/complex/show/almaty/dubrovka/","updated_at":"2026-09-14T07:42:58+00:00"}},
{"type":"Feature","id":"krisha:dujet","geometry":{"type":"Point","coordinates":[76.877061,43.204928]},"properties":{"id":"krisha:dujet","category":"apartments","name":"ЖК Дуэт","builder":"КазСтрой","address":"Алматы, Бостандыкский р-н, ул. Мустафина, 35, 35а – Рыскулбекова","status":"in_progress","deadline":"2004-03-31","started_at":null,"stage_note":null,"source_url":"https://krisha.kz/complex/show/almaty/dujet/","updated_at":"2026-09-14T09:36:27+00:00"}},
{"type":"Feature","id":"krisha:dynastia","geometry":{"type":"Point","coordinates":[76.92988,43.19964]},"properties":{"id":"krisha:dynastia","category":"apartments","name":"ЖК Династия","builder":"Mdi-MAX Group","address":"Алматы, Бостандыкский р-н, ул. Ремизовка, 1а","status":"in_progress","deadline":"2023-06-30","started_at":"2022-07-01","stage_note":"2 очереди, последняя — Q2 2023","source_url":"https://krisha.kz/complex/show/almaty/dynastia/","updated_at":"2026-09-14T07:48:28+00:00"}},
{"type":"Feature","id":"krisha:eco-green","geometry":{"type":"Point","coordinates":[76.85114,43.191826]},"properties":{"id":"krisha:eco-green","category":"apartments","name":"ЖК Eco Green","builder":"Eco Green","address":"Алматы, Наурызбайский р-н, ул. Сатпаева, 100г (Жандосова — Яссауи)","status":"in_progress","deadline":"2014-12-31","started_at":null,"stage_note":null,"source_url":"https://krisha.kz/complex/show/almaty/eco-green/","updated_at":"2026-09-14T09:30:41+00:00"}},
{"type":"Feature","id":"krisha:ecopark","geometry":{"type":"Point","coordinates":[76.920178,43.187583]},"properties":{"id":"krisha:ecopark","category":"apartments","name":"Клубный дом Eco Park","builder":"DAS CONSTRUCTION","address":"Алматы, Бостандыкский р-н, Микрорайон Ерменсай, ул. Талапты, 30","status":"in_progress","deadline":"2024-09-30","started_at":null,"stage_note":null,"source_url":"https://krisha.kz/complex/show/almaty/ecopark/","updated_at":"2026-09-14T07:45:02+00:00"}},
{"type":"Feature","id":"krisha:edelveys","geometry":{"type":"Point","coordinates":[76.852369,43.244197]},"properties":{"id":"krisha:edelveys","category":"apartments","name":"ЖК Эдельвейс","builder":"Алматы Пана","address":"Алматы, Ауэзовский р-н, ул. Толе би, 298/1","status":"in_progress","deadline":"2013-12-31","started_at":null,"stage_note":null,"source_url":"https://krisha.kz/complex/show/almaty/edelveys/","updated_at":"2026-09-14T09:31:08+00:00"}},
{"type":"Feature","id":"krisha:elaman","geometry":{"type":"Point","coordinates":[76.797298,43.231264]},"properties":{"id":"krisha:elaman","category":"apartments","name":"ЖК Elaman","builder":"NOVEC","address":"Алматы, ул. Калкаман, 4Б","status":"in_progress","deadline":"2023-12-31","started_at":"2022-01-01","stage_note":"2 очереди, последняя — Q4 2023","source_url":"https://krisha.kz/complex/show/almaty/elaman/","updated_at":"2026-09-14T07:48:32+00:00"}},
{"type":"Feature","id":"krisha:element","geometry":{"type":"Point","coordinates":[76.890202,43.207781]},"properties":{"id":"krisha:element","category":"apartments","name":"ЖК ELEMENT","builder":"BAZIS–А","address":"Алматы, Бостандыкский р-н, Тажибаевой, 157 к1","status":"done","deadline":"2019-12-31","started_at":null,"stage_note":"2 очереди сданы","source_url":"https://krisha.kz/complex/show/element/","updated_at":"2026-09-14T09:24:40+00:00"}},
{"type":"Feature","id":"krisha:elet","geometry":{"type":"Point","coordinates":[76.850307,43.188031]},"properties":{"id":"krisha:elet","category":"apartments","name":"Клубный дом Elet","builder":"AKAS Development","address":"Алматы, Наурызбайский р-н, ул. Сейдимбек, 25/44","status":"in_progress","deadline":"2025-03-31","started_at":"2025-07-01","stage_note":"2 очереди, последняя — Q1 2025","source_url":"https://krisha.kz/complex/show/almaty/elet/","updated_at":"2026-09-14T07:45:05+00:00"}},
{"type":"Feature","id":"krisha:elifgarden","geometry":{"type":"Point","coordinates":[76.890671,43.234227]},"properties":{"id":"krisha:elifgarden","category":"apartments","name":"ЖК Elif Garden","builder":"GAB Construction","address":"Алматы, Бостандыкский р-н, ул. Розыбакиева угол ул. Сатпаева","status":"done","deadline":"2025-03-31","started_at":"2022-01-01","stage_note":"5 очередей сдано","source_url":"https://krisha.kz/complex/show/almaty/elifgarden/","updated_at":"2026-09-14T07:46:54+00:00"}},
{"type":"Feature","id":"krisha:eliftowers","geometry":{"type":"Point","coordinates":[76.934682,43.25803]},"properties":{"id":"krisha:eliftowers","category":"apartments","name":"ЖК Elif Towers","builder":"DIAL GROUP","address":"Алматы, Алмалинский р-н, ул. Мауленова, 50","status":"in_progress","deadline":"2019-09-30","started_at":null,"stage_note":null,"source_url":"https://krisha.kz/complex/show/almaty/eliftowers/","updated_at":"2026-09-14T09:24:42+00:00"}},
{"type":"Feature","id":"krisha:elitelife","geometry":{"type":"Point","coordinates":[76.949436,43.223137]},"properties":{"id":"krisha:elitelife","category":"apartments","name":"ЖК Elite Life","builder":"Атриум Плюс","address":"Алматы, Медеуский р-н, ул. Кажымукана, участок 109","status":"in_progress","deadline":"2024-09-30","started_at":"2023-04-01","stage_note":"4 очереди, последняя — Q3 2024","source_url":"https://krisha.kz/complex/show/almaty/elitelife/","updated_at":"2026-09-14T08:21:04+00:00"}},
{"type":"Feature","id":"krisha:elmonte","geometry":{"type":"Point","coordinates":[76.961189,43.200411]},"properties":{"id":"krisha:elmonte","category":"apartments","name":"ЖК El Monte","builder":"BI Group Юг","address":"Алматы, Медеуский р-н, ул. Оспанова, 1а/11","status":"in_progress","deadline":"2026-12-31","started_at":"2025-07-01","stage_note":null,"source_url":"https://krisha.kz/complex/show/almaty/elmonte/","updated_at":"2026-09-14T07:41:49+00:00"}},
{"type":"Feature","id":"krisha:ermensaiclub","geometry":{"type":"Point","coordinates":[76.926017,43.181191]},"properties":{"id":"krisha:ermensaiclub","category":"apartments","name":"ЖК Ermensai Club","builder":"Сити Строй Бетон","address":"Алматы, Бостандыкский р-н, ул. Талды, 13","status":"in_progress","deadline":"2021-09-30","started_at":null,"stage_note":null,"source_url":"https://krisha.kz/complex/show/almaty/ermensaiclub/","updated_at":"2026-09-14T08:20:57+00:00"}},
{"type":"Feature","id":"krisha:ermensaihouse","geometry":{"type":"Point","coordinates":[76.926307,43.190172]},"properties":{"id":"krisha:ermensaihouse","category":"apartments","name":"ЖК Ermensai House","builder":"Alen Stroy","address":"Алматы, Бостандыкский р-н, ул. Каршыга Ахмедиярова, 94","status":"in_progress","deadline":"2021-12-31","started_at":null,"stage_note":null,"source_url":"https://krisha.kz/complex/show/almaty/ermensaihouse/","updated_at":"2026-09-14T08:21:06+00:00"}},
{"type":"Feature","id":"krisha:ermensaivillage","geometry":{"type":"Point","coordinates":[76.90506,43.168794]},"properties":{"id":"krisha:ermensaivillage","category":"apartments","name":"Таунхаус Ermensai Village","builder":"Everest Development","address":"Алматы, Бостандыкский р-н, 14-я улица, 2035","status":"in_progress","deadline":"2026-12-31","started_at":null,"stage_note":null,"source_url":"https://krisha.kz/complex/show/almaty/ermensaivillage/","updated_at":"2026-09-14T07:41:51+00:00"}},
{"type":"Feature","id":"krisha:esentai-city","geometry":{"type":"Point","coordinates":[76.938665,43.214422]},"properties":{"id":"krisha:esentai-city","category":"apartments","name":"ЖК Esentai City / Villas","builder":"AV-Construction ТОО","address":"Алматы, Медеуский р-н, пр. Аль- Фараби, 116/31-56","status":"done","deadline":"2026-09-30","started_at":"2026-07-01","stage_note":"2 очереди сданы","source_url":"https://krisha.kz/complex/show/almaty/esentai-city/","updated_at":"2026-09-14T07:40:22+00:00"}},
{"type":"Feature","id":"krisha:esentai-river-townhouse","geometry":{"type":"Point","coordinates":[76.943731,43.212379]},"properties":{"id":"krisha:esentai-river-townhouse","category":"apartments","name":"ЖК Esentai River Townhouse","builder":"AV-Construction ТОО","address":"Алматы, Медеуский р-н, пр. Аль-Фараби, 116/1","status":"in_progress","deadline":"2020-03-31","started_at":"2022-01-01","stage_note":"2 очереди, последняя — Q1 2020","source_url":"https://krisha.kz/complex/show/esentai-river-townhouse/","updated_at":"2026-09-14T09:26:27+00:00"}},
{"type":"Feature","id":"krisha:esentaj-park","geometry":{"type":"Point","coordinates":[76.929185,43.220098]},"properties":{"id":"krisha:esentaj-park","category":"apartments","name":"ЖК Esentai Apartments","builder":"Halyk Актив","address":"Алматы, Бостандыкский р-н, пр. Аль-Фараби, 77/3","status":"done","deadline":"2015-06-30","started_at":"2022-01-01","stage_note":null,"source_url":"https://krisha.kz/complex/show/almaty/esentaj-park/","updated_at":"2026-09-14T09:29:34+00:00"}},
{"type":"Feature","id":"krisha:esentay","geometry":{"type":"Point","coordinates":[76.930728,43.225895]},"properties":{"id":"krisha:esentay","category":"apartments","name":"ЖК Есентай","builder":"ХЭМКО TOO","address":"Алматы, Бостандыкский р-н, ул. Касымова, 28 — Тимирязева","status":"in_progress","deadline":"2018-12-31","started_at":null,"stage_note":null,"source_url":"https://krisha.kz/complex/show/esentay/","updated_at":"2026-09-14T09:26:30+00:00"}},
{"type":"Feature","id":"krisha:estet","geometry":{"type":"Point","coordinates":[76.892833,43.208524]},"properties":{"id":"krisha:estet","category":"apartments","name":"ЖК Estet","builder":"BAZIS–А","address":"Алматы, Бостандыкский р-н, ул. Розыбакиева, 197/2","status":"done","deadline":"2025-09-30","started_at":"2022-01-01","stage_note":null,"source_url":"https://krisha.kz/complex/show/almaty/estet/","updated_at":"2026-09-14T07:40:10+00:00"}},
{"type":"Feature","id":"krisha:etalon-remizovka","geometry":{"type":"Point","coordinates":[76.930125,43.199137]},"properties":{"id":"krisha:etalon-remizovka","category":"apartments","name":"ЖК Эталон (Ремизовка)","builder":"Тура Би","address":"Алматы, Бостандыкский р-н, мкр Ерменсай, переулок 5, участок №1","status":"in_progress","deadline":"2019-06-30","started_at":null,"stage_note":null,"source_url":"https://krisha.kz/complex/show/almaty/etalon-remizovka/","updated_at":"2026-09-14T09:26:32+00:00"}},
{"type":"Feature","id":"krisha:etasaresidence","geometry":{"type":"Point","coordinates":[76.90302,43.217943]},"properties":{"id":"krisha:etasaresidence","category":"apartments","name":"ЖК Etasa Residence","builder":"Etasa Construction","address":"Алматы, Бостандыкский р-н, ул. Жарокова, уч. 218","status":"done","deadline":"2024-09-30","started_at":"2022-01-01","stage_note":"2 очереди сданы","source_url":"https://krisha.kz/complex/show/almaty/etasaresidence/","updated_at":"2026-09-14T07:46:57+00:00"}},
{"type":"Feature","id":"krisha:europolis","geometry":{"type":"Point","coordinates":[76.980833,43.2124]},"properties":{"id":"krisha:europolis","category":"apartments","name":"ЖК Европолис","builder":"Halyk Active","address":"Алматы, Медеуский р-н, ул. Омарова, 35/1","status":"done","deadline":"2026-12-31","started_at":"2025-07-01","stage_note":"5 очередей сдано","source_url":"https://krisha.kz/complex/show/almaty/europolis/","updated_at":"2026-09-14T09:32:37+00:00"}},
{"type":"Feature","id":"krisha:everest","geometry":{"type":"Point","coordinates":[76.855535,43.243206]},"properties":{"id":"krisha:everest","category":"apartments","name":"ЖК Everest","builder":"Everest Development","address":"Алматы, ул. Утеген батыра, 11","status":"in_progress","deadline":"2023-06-30","started_at":"2022-01-01","stage_note":"2 очереди, последняя — Q2 2023","source_url":"https://krisha.kz/complex/show/almaty/everest/","updated_at":"2026-09-14T07:48:33+00:00"}},
{"type":"Feature","id":"krisha:everestboulevard","geometry":{"type":"Point","coordinates":[77.004296,43.289644]},"properties":{"id":"krisha:everestboulevard","category":"apartments","name":"ЖК Everest Boulevard","builder":"Everest Development","address":"Алматы, Медеуский р-н, ул. Халиуллина, 154Б","status":"in_progress","deadline":"2026-06-30","started_at":null,"stage_note":null,"source_url":"https://krisha.kz/complex/show/almaty/everestboulevard/","updated_at":"2026-09-14T07:41:43+00:00"}},
{"type":"Feature","id":"krisha:evimnovo","geometry":{"type":"Point","coordinates":[76.873844,43.170964]},"properties":{"id":"krisha:evimnovo","category":"apartments","name":"ЖК Evim Novo","builder":"Evim Development","address":"Алматы, ул. Кенесары хана, 85","status":"in_progress","deadline":"2022-12-31","started_at":"2022-01-01","stage_note":null,"source_url":"https://krisha.kz/complex/show/almaty/evimnovo/","updated_at":"2026-09-14T07:48:35+00:00"}},
{"type":"Feature","id":"krisha:evropeiskyikvartal","geometry":{"type":"Point","coordinates":[76.877761,43.236028]},"properties":{"id":"krisha:evropeiskyikvartal","category":"apartments","name":"ЖК Европейский Квартал","builder":"SKY DEVELOPMENT","address":"Алматы, Бостандыкский р-н, ул. Брусиловского, 245","status":"in_progress","deadline":"2022-09-30","started_at":"2022-01-01","stage_note":"2 очереди, последняя — Q3 2022","source_url":"https://krisha.kz/complex/show/evropeiskyikvartal/","updated_at":"2026-09-14T08:21:08+00:00"}},
{"type":"Feature","id":"krisha:exclusive-life","geometry":{"type":"Point","coordinates":[76.937057,43.243011]},"properties":{"id":"krisha:exclusive-life","category":"apartments","name":"ЖК Exclusive Life","builder":"Exclusive Qurylys","address":"Алматы, Алмалинский р-н, ул. Наурызбай батыра, 107/113, уг. ул. Курмангазы","status":"done","deadline":"2019-12-31","started_at":null,"stage_note":null,"source_url":"https://krisha.kz/complex/show/exclusive-life/","updated_at":"2026-09-14T09:24:44+00:00"}},
{"type":"Feature","id":"krisha:exclusiveduet","geometry":{"type":"Point","coordinates":[76.937091,43.240608]},"properties":{"id":"krisha:exclusiveduet","category":"apartments","name":"ЖК Exclusive Duet","builder":"Exclusive Qurylys","address":"Алматы, Бостандыкский р-н, проспект Абая, 28а","status":"done","deadline":"2023-12-31","started_at":"2023-10-01","stage_note":null,"source_url":"https://krisha.kz/complex/show/almaty/exclusiveduet/","updated_at":"2026-09-14T07:46:53+00:00"}},
{"type":"Feature","id":"krisha:exclusiveopera","geometry":{"type":"Point","coordinates":[76.947599,43.25046]},"properties":{"id":"krisha:exclusiveopera","category":"apartments","name":"ЖК Exclusive Opera","builder":"Exclusive Qurylys","address":"Алматы, Медеуский р-н, пр-т Назарбаева, 124а","status":"in_progress","deadline":"2024-12-31","started_at":"2023-10-01","stage_note":null,"source_url":"https://krisha.kz/complex/show/almaty/exclusiveopera/","updated_at":"2026-09-14T07:45:07+00:00"}},
{"type":"Feature","id":"krisha:exclusivestar","geometry":{"type":"Point","coordinates":[76.961241,43.244998]},"properties":{"id":"krisha:exclusivestar","category":"apartments","name":"ЖК Exclusive Star","builder":"Exclusive Qurylys","address":"Алматы, Медеуский р-н, ул. Кармысова, 84/2","status":"done","deadline":"2020-12-31","started_at":null,"stage_note":null,"source_url":"https://krisha.kz/complex/show/almaty/exclusivestar/","updated_at":"2026-09-14T09:23:16+00:00"}},
{"type":"Feature","id":"krisha:exclusivetime","geometry":{"type":"Point","coordinates":[76.95665,43.227989]},"properties":{"id":"krisha:exclusivetime","category":"apartments","name":"ЖК Exclusive Time","builder":"Exclusive Qurylys","address":"Алматы, Медеуский р-н, мкр. Самал-3, дом 15","status":"in_progress","deadline":"2022-06-30","started_at":"2022-01-01","stage_note":"2 очереди, последняя — Q2 2022","source_url":"https://krisha.kz/complex/show/almaty/exclusivetime/","updated_at":"2026-09-14T09:23:14+00:00"}},
{"type":"Feature","id":"krisha:exclusiveubilenyi","geometry":{"type":"Point","coordinates":[76.982864,43.20119]},"properties":{"id":"krisha:exclusiveubilenyi","category":"apartments","name":"ЖК Exclusive Юбилейный","builder":"Exclusive Qurylys","address":"Алматы, Медеуский р-н, ул. Ондасынова, 1/1","status":"in_progress","deadline":"2022-12-31","started_at":"2022-01-01","stage_note":null,"source_url":"https://krisha.kz/complex/show/almaty/exclusiveubilenyi/","updated_at":"2026-09-14T07:48:40+00:00"}},
{"type":"Feature","id":"krisha:falconcity","geometry":{"type":"Point","coordinates":[76.961505,43.229806]},"properties":{"id":"krisha:falconcity","category":"apartments","name":"ЖК Falconcity","builder":"Falcon Petroleum","address":"Алматы, Медеуский р-н, пр. Аль-Фараби, 1а","status":"in_progress","deadline":"2017-03-31","started_at":null,"stage_note":null,"source_url":"https://krisha.kz/complex/show/falconcity/","updated_at":"2026-09-14T09:27:44+00:00"}},
{"type":"Feature","id":"krisha:familyclub","geometry":{"type":"Point","coordinates":[76.97135,43.251591]},"properties":{"id":"krisha:familyclub","category":"apartments","name":"ЖК Family Club","builder":"Samal Development","address":"Алматы, Медеуский р-н, мкрн Кок-Тобе, ул. Камар Сулу, стр. 55","status":"in_progress","deadline":"2020-09-30","started_at":null,"stage_note":null,"source_url":"https://krisha.kz/complex/show/almaty/familyclub/","updated_at":"2026-09-14T09:23:02+00:00"}},
{"type":"Feature","id":"krisha:familycomfort","geometry":{"type":"Point","coordinates":[76.990482,43.291216]},"properties":{"id":"krisha:familycomfort","category":"apartments","name":"ЖК Family Comfort","builder":"Samal Development","address":"Алматы, Медеуский р-н, мкр. Атырау, ул. Буровая, дом 11","status":"in_progress","deadline":"2021-12-31","started_at":null,"stage_note":null,"source_url":"https://krisha.kz/complex/show/almaty/familycomfort/","updated_at":"2026-09-14T08:21:01+00:00"}},
{"type":"Feature","id":"krisha:famous-town","geometry":{"type":"Point","coordinates":[76.914747,43.169345]},"properties":{"id":"krisha:famous-town","category":"apartments","name":"ЖК Famous Town","builder":"AQ Invest","address":"Алматы, Бостандыкский р-н, мкр. Нур Алатау, ул. 16 улица","status":"in_progress","deadline":"2023-12-31","started_at":"2022-01-01","stage_note":"4 очереди, последняя — Q4 2023","source_url":"https://krisha.kz/complex/show/almaty/famous-town/","updated_at":"2026-09-14T09:23:18+00:00"}},
{"type":"Feature","id":"krisha:fantazija","geometry":{"type":"Point","coordinates":[76.953001,43.233222]},"properties":{"id":"krisha:fantazija","category":"apartments","name":"ЖК Фантазия","builder":"BAZIS–А","address":"Алматы, Медеуский р-н, мкр «Самал-2», ул. Мендикулова, 105","status":"in_progress","deadline":"2004-06-30","started_at":null,"stage_note":null,"source_url":"https://krisha.kz/complex/show/almaty/fantazija/","updated_at":"2026-09-14T09:36:39+00:00"}},
{"type":"Feature","id":"krisha:felicita","geometry":{"type":"Point","coordinates":[76.877645,43.162208]},"properties":{"id":"krisha:felicita","category":"apartments","name":"ЖК Felicita","builder":"Baitau invest","address":"Алматы, Наурызбайский р-н, ул. Редько, 140/1","status":"in_progress","deadline":"2021-09-30","started_at":"2022-01-01","stage_note":null,"source_url":"https://krisha.kz/complex/show/almaty/felicita/","updated_at":"2026-09-14T08:21:11+00:00"}},
{"type":"Feature","id":"krisha:flora","geometry":{"type":"Point","coordinates":[76.811464,43.179957]},"properties":{"id":"krisha:flora","category":"apartments","name":"ЖК Flora","builder":"Flora City Stroy","address":"Алматы, Наурызбайский р-н, мкр.Тастыбулак, ул.Таутаган 6","status":"in_progress","deadline":"2027-12-31","started_at":"2023-10-01","stage_note":null,"source_url":"https://krisha.kz/complex/show/almaty/flora/","updated_at":"2026-09-14T07:46:59+00:00"}},
{"type":"Feature","id":"krisha:forum-plus","geometry":{"type":"Point","coordinates":[76.934281,43.229758]},"properties":{"id":"krisha:forum-plus","category":"apartments","name":"ЖК Forum Plus","builder":"Рамс Казахстан","address":"Алматы, Бостандыкский р-н, ул. Володарского, 40 (Тимирязева - Байтурсынова)","status":"in_progress","deadline":"2019-09-30","started_at":null,"stage_note":null,"source_url":"https://krisha.kz/complex/show/forum-plus/","updated_at":"2026-09-14T09:24:46+00:00"}},
{"type":"Feature","id":"krisha:forum-residence","geometry":{"type":"Point","coordinates":[76.93526,43.230026]},"properties":{"id":"krisha:forum-residence","category":"apartments","name":"ЖК Forum Residence","builder":"Рамс Казахстан","address":"Алматы, Бостандыкский р-н, ул. Байтурсынова, 177 стр","status":"in_progress","deadline":"2020-12-31","started_at":null,"stage_note":null,"source_url":"https://krisha.kz/complex/show/almaty/forum-residence/","updated_at":"2026-09-14T09:23:20+00:00"}},
{"type":"Feature","id":"krisha:fourseasons","geometry":{"type":"Point","coordinates":[76.889321,43.214273]},"properties":{"id":"krisha:fourseasons","category":"apartments","name":"ЖК Four Seasons","builder":"Time Group","address":"Алматы, Бостандыкский р-н, ул. Журавлева, 26","status":"in_progress","deadline":"2023-12-31","started_at":"2022-01-01","stage_note":"3 очереди, последняя — Q4 2023","source_url":"https://krisha.kz/complex/show/almaty/fourseasons/","updated_at":"2026-09-14T07:48:42+00:00"}},
{"type":"Feature","id":"krisha:fourseasonsvilla","geometry":{"type":"Point","coordinates":[76.890871,43.158164]},"properties":{"id":"krisha:fourseasonsvilla","category":"apartments","name":"Коттеджный городок Four Seasons Villa","builder":"ТОО RBEST Home","address":"Алматы, микрорайон Архат, 20/4","status":"in_progress","deadline":"2010-12-31","started_at":"2022-01-01","stage_note":null,"source_url":"https://krisha.kz/complex/show/almaty/fourseasonsvilla/","updated_at":"2026-09-14T09:32:39+00:00"}},
{"type":"Feature","id":"krisha:freedom","geometry":{"type":"Point","coordinates":[76.882418,43.231326]},"properties":{"id":"krisha:freedom","category":"apartments","name":"ЖК Freedom","builder":"ТОО «BATYL Group»","address":"Алматы, Бостандыкский р-н, ул. Тургут Озала, 261 стр","status":"in_progress","deadline":"2022-12-31","started_at":"2022-01-01","stage_note":null,"source_url":"https://krisha.kz/complex/show/almaty/freedom/","updated_at":"2026-09-14T07:48:44+00:00"}},
{"type":"Feature","id":"krisha:gagarin-park","geometry":{"type":"Point","coordinates":[76.897388,43.204436]},"properties":{"id":"krisha:gagarin-park","category":"apartments","name":"ЖК Gagarin Park","builder":"BI Group Юг","address":"Алматы, Бостандыкский р-н, пр. Гагарина, 311","status":"in_progress","deadline":"2018-06-30","started_at":null,"stage_note":null,"source_url":"https://krisha.kz/complex/show/gagarin-park/","updated_at":"2026-09-14T09:26:34+00:00"}},
{"type":"Feature","id":"krisha:gagarinterrace","geometry":{"type":"Point","coordinates":[76.8992,43.210073]},"properties":{"id":"krisha:gagarinterrace","category":"apartments","name":"ЖК Gagarin Terrace","builder":"Capital Invest Construction","address":"Алматы, Бостандыкский р-н, ул. Гагарина - ул. Ходжанова","status":"in_progress","deadline":"2020-09-30","started_at":null,"stage_note":null,"source_url":"https://krisha.kz/complex/show/almaty/gagarinterrace/","updated_at":"2026-09-14T09:23:24+00:00"}},
{"type":"Feature","id":"krisha:galileoterrace","geometry":{"type":"Point","coordinates":[76.893823,43.219811]},"properties":{"id":"krisha:galileoterrace","category":"apartments","name":"ЖК Galileo Terrace","builder":"Capital Invest Construction","address":"Алматы, Бостандыкский р-н, ул. Катаева, 218","status":"in_progress","deadline":"2021-06-30","started_at":null,"stage_note":"2 очереди, последняя — Q2 2021","source_url":"https://krisha.kz/complex/show/almaty/galileoterrace/","updated_at":"2026-09-14T09:23:26+00:00"}},
{"type":"Feature","id":"krisha:gardenhills","geometry":{"type":"Point","coordinates":[76.908762,43.16654]},"properties":{"id":"krisha:gardenhills","category":"apartments","name":"ЖК Garden Hills","builder":"Rise capital","address":"Алматы, Бостандыкский р-н, ул. 13-я, 138/2","status":"in_progress","deadline":"2023-03-31","started_at":"2022-01-01","stage_note":null,"source_url":"https://krisha.kz/complex/show/almaty/gardenhills/","updated_at":"2026-09-14T07:47:01+00:00"}},
{"type":"Feature","id":"krisha:gardenhouse","geometry":{"type":"Point","coordinates":[76.973348,43.245169]},"properties":{"id":"krisha:gardenhouse","category":"apartments","name":"Таунхаус Garden House","builder":"Garden house","address":"Алматы, Медеуский р-н, ул. Мангистауская, 18","status":"in_progress","deadline":"2022-12-31","started_at":null,"stage_note":null,"source_url":"https://krisha.kz/complex/show/almaty/gardenhouse/","updated_at":"2026-09-14T07:48:48+00:00"}},
{"type":"Feature","id":"krisha:gardenvilla","geometry":{"type":"Point","coordinates":[76.918601,43.197022]},"properties":{"id":"krisha:gardenvilla","category":"apartments","name":"Таунхаус Garden Villa","builder":"ТОО Asia Development Group","address":"Алматы, Бостандыкский р-н, мкр. Баганашыл, ул. Мамыр, 87","status":"in_progress","deadline":"2021-12-31","started_at":"2022-01-01","stage_note":null,"source_url":"https://krisha.kz/complex/show/almaty/gardenvilla/","updated_at":"2026-09-14T08:21:15+00:00"}},
{"type":"Feature","id":"krisha:gauhartas","geometry":{"type":"Point","coordinates":[76.88353,43.237463]},"properties":{"id":"krisha:gauhartas","category":"apartments","name":"ЖК Гаухартас","builder":"MAG","address":"Алматы, Бостандыкский р-н, Абая — Баумана","status":"in_progress","deadline":"2009-09-30","started_at":null,"stage_note":null,"source_url":"https://krisha.kz/complex/show/almaty/gauhartas/","updated_at":"2026-09-14T09:33:13+00:00"}},
{"type":"Feature","id":"krisha:geneva","geometry":{"type":"Point","coordinates":[76.969453,43.210296]},"properties":{"id":"krisha:geneva","category":"apartments","name":"ЖК Geneva Elite Apartments","builder":"ТОО KY Invest","address":"Алматы, Медеуский р-н, проспект Достык","status":"in_progress","deadline":"2021-12-31","started_at":"2023-04-01","stage_note":null,"source_url":"https://krisha.kz/complex/show/almaty/geneva/","updated_at":"2026-09-14T07:50:34+00:00"}},
{"type":"Feature","id":"krisha:gkvillage","geometry":{"type":"Point","coordinates":[76.913686,43.189887]},"properties":{"id":"krisha:gkvillage","category":"apartments","name":"Коттеджный городок GK Village","builder":"ИП Застройщик","address":"Алматы, Медеуский р-н, мкр. Ремизовка","status":"in_progress","deadline":"2021-12-31","started_at":null,"stage_note":null,"source_url":"https://krisha.kz/complex/show/almaty/gkvillage/","updated_at":"2026-09-14T08:51:46+00:00"}},
{"type":"Feature","id":"krisha:gorky-park-residence","geometry":{"type":"Point","coordinates":[76.964454,43.260084]},"properties":{"id":"krisha:gorky-park-residence","category":"apartments","name":"ЖК Gorky Park Residence","builder":"Парк Констракшн","address":"Алматы, Медеуский р-н, ул. Бузурбаева, 33а – Гоголя","status":"in_progress","deadline":"2008-12-31","started_at":null,"stage_note":null,"source_url":"https://krisha.kz/complex/show/almaty/gorky-park-residence/","updated_at":"2026-09-14T09:34:00+00:00"}},
{"type":"Feature","id":"krisha:gornaja-dolina","geometry":{"type":"Point","coordinates":[76.955363,43.181976]},"properties":{"id":"krisha:gornaja-dolina","category":"apartments","name":"ЖК Горная Долина","builder":"EMI","address":"Алматы, Медеуский р-н, Тышканбаева","status":"in_progress","deadline":"2011-12-31","started_at":null,"stage_note":null,"source_url":"https://krisha.kz/complex/show/almaty/gornaja-dolina/","updated_at":"2026-09-14T09:32:13+00:00"}},
{"type":"Feature","id":"krisha:gornoe-solnce","geometry":{"type":"Point","coordinates":[76.916021,43.205183]},"properties":{"id":"krisha:gornoe-solnce","category":"apartments","name":"ЖК Горное Солнце","builder":"Таулы Аспан ЖСК","address":"Алматы, Бостандыкский р-н, Проспект Аль-Фараби, 144","status":"done","deadline":"2017-12-31","started_at":"2022-01-01","stage_note":null,"source_url":"https://krisha.kz/complex/show/gornoe-solnce/","updated_at":"2026-09-14T09:27:50+00:00"}},
{"type":"Feature","id":"krisha:gorny-residence","geometry":{"type":"Point","coordinates":[76.964335,43.205086]},"properties":{"id":"krisha:gorny-residence","category":"apartments","name":"ЖК Gorny Residence","builder":"Ordabasy Property Management ТОО","address":"Алматы, Медеуский р-н, пр. Достык, 300/60","status":"in_progress","deadline":"2017-12-31","started_at":null,"stage_note":null,"source_url":"https://krisha.kz/complex/show/gorny-residence/","updated_at":"2026-09-14T09:27:48+00:00"}},
{"type":"Feature","id":"krisha:gornyhills","geometry":{"type":"Point","coordinates":[76.965448,43.200977]},"properties":{"id":"krisha:gornyhills","category":"apartments","name":"ЖК Gorny Hills","builder":"Ер-Ай Констракшн","address":"Алматы, Медеуский р-н, Медеуском район, уч.83/25","status":"in_progress","deadline":"2022-06-30","started_at":null,"stage_note":null,"source_url":"https://krisha.kz/complex/show/almaty/gornyhills/","updated_at":"2026-09-14T07:48:52+00:00"}},
{"type":"Feature","id":"krisha:gornyigigant","geometry":{"type":"Point","coordinates":[76.947452,43.215079]},"properties":{"id":"krisha:gornyigigant","category":"apartments","name":"Таунхаус Gornyi Gigant","builder":"ТОО \"Корпорация Айгерим\"","address":"Алматы, Медеуский р-н, ул. Ахмедьярова 47","status":"in_progress","deadline":"2022-09-30","started_at":"2022-01-01","stage_note":null,"source_url":"https://krisha.kz/complex/show/almaty/gornyigigant/","updated_at":"2026-09-14T07:48:51+00:00"}},
{"type":"Feature","id":"krisha:gorstroj-na-al-farabi-markov","geometry":{"type":"Point","coordinates":[76.937289,43.224525]},"properties":{"id":"krisha:gorstroj-na-al-farabi-markov","category":"apartments","name":"ЖК Горстрой на Аль-Фараби - Маркова","builder":"МАК Алматыгорстрой","address":"Алматы, Бостандыкский р-н, пр. Аль-Фараби, 47 — Маркова","status":"in_progress","deadline":"2004-03-31","started_at":null,"stage_note":null,"source_url":"https://krisha.kz/complex/show/almaty/gorstroj-na-al-farabi-markov/","updated_at":"2026-09-14T09:36:14+00:00"}},
{"type":"Feature","id":"krisha:grandevie","geometry":{"type":"Point","coordinates":[76.931007,43.191774]},"properties":{"id":"krisha:grandevie","category":"apartments","name":"Клубный дом Grande Vie","builder":"Рамс Казахстан","address":"Алматы, Бостандыкский р-н, ул. Арайлы, 20/1","status":"done","deadline":"2024-03-31","started_at":"2022-01-01","stage_note":null,"source_url":"https://krisha.kz/complex/show/almaty/grandevie/","updated_at":"2026-09-14T07:45:11+00:00"}},
{"type":"Feature","id":"krisha:grandtown","geometry":{"type":"Point","coordinates":[76.85331,43.236644]},"properties":{"id":"krisha:grandtown","category":"apartments","name":"ЖК Grand Town","builder":"YNTYMAQ CORPORATION","address":"Алматы, Ауэзовский р-н, ул. Кабдолова, 14","status":"in_progress","deadline":"2021-09-30","started_at":null,"stage_note":"2 очереди, последняя — Q3 2021","source_url":"https://krisha.kz/complex/show/almaty/grandtown/","updated_at":"2026-09-14T08:51:51+00:00"}},
{"type":"Feature","id":"krisha:grandviewhouse","geometry":{"type":"Point","coordinates":[76.945561,43.220936]},"properties":{"id":"krisha:grandviewhouse","category":"apartments","name":"Клубный дом Grandview House","builder":"Expert Engineering Company","address":"Алматы, Медеуский р-н, ул. Шукшина, 33","status":"in_progress","deadline":"2022-03-31","started_at":null,"stage_note":null,"source_url":"https://krisha.kz/complex/show/almaty/grandviewhouse/","updated_at":"2026-09-14T07:48:58+00:00"}},
{"type":"Feature","id":"krisha:green","geometry":{"type":"Point","coordinates":[76.821405,43.188953]},"properties":{"id":"krisha:green","category":"apartments","name":"ЖК Green","builder":"Askar Development","address":"Алматы, Наурызбайский р-н, ул. Акбата, 46/3","status":"in_progress","deadline":"2022-06-30","started_at":"2022-01-01","stage_note":"2 очереди, последняя — Q2 2022","source_url":"https://krisha.kz/complex/show/almaty/green/","updated_at":"2026-09-14T09:24:50+00:00"}},
{"type":"Feature","id":"krisha:greencity","geometry":{"type":"Point","coordinates":[77.006006,43.288618]},"properties":{"id":"krisha:greencity","category":"apartments","name":"ЖК Green City","builder":"TOO MG City","address":"Алматы, Медеуский р-н, мкрн Думан-2","status":"in_progress","deadline":"2026-03-31","started_at":"2022-01-01","stage_note":"5 очередей, последняя — Q1 2026","source_url":"https://krisha.kz/complex/show/almaty/greencity/","updated_at":"2026-09-14T08:20:46+00:00"}},
{"type":"Feature","id":"krisha:greenlandia","geometry":{"type":"Point","coordinates":[76.918299,43.195088]},"properties":{"id":"krisha:greenlandia","category":"apartments","name":"ЖК GreenLandia","builder":"USGBC","address":"Алматы, Бостандыкский р-н, микрорайон Баганашыл, 33","status":"in_progress","deadline":"2017-09-30","started_at":null,"stage_note":null,"source_url":"https://krisha.kz/complex/show/almaty/greenlandia/","updated_at":"2026-09-14T09:27:52+00:00"}},
{"type":"Feature","id":"krisha:gulana","geometry":{"type":"Point","coordinates":[76.89201,43.261393]},"properties":{"id":"krisha:gulana","category":"apartments","name":"ЖК Gul-Ana","builder":"KazSMU","address":"Алматы, Жетысуский р-н, ул. Райымбека, 259","status":"done","deadline":"2023-12-31","started_at":"2022-01-01","stage_note":null,"source_url":"https://krisha.kz/complex/show/almaty/gulana/","updated_at":"2026-09-14T07:46:26+00:00"}},
{"type":"Feature","id":"krisha:guldala","geometry":{"type":"Point","coordinates":[76.866277,43.258322]},"properties":{"id":"krisha:guldala","category":"apartments","name":"ЖК GulDala","builder":"SVOYDOM","address":"Алматы, Алатауский р-н, проспект Райымбека 351/1","status":"in_progress","deadline":"2024-09-30","started_at":"2023-10-01","stage_note":"3 очереди, последняя — Q3 2024","source_url":"https://krisha.kz/complex/show/almaty/guldala/","updated_at":"2026-09-14T07:44:55+00:00"}},
{"type":"Feature","id":"krisha:gulder","geometry":{"type":"Point","coordinates":[76.807947,43.235418]},"properties":{"id":"krisha:gulder","category":"apartments","name":"ЖК Gulder","builder":"BI Group Юг","address":"Алматы, Наурызбайский р-н, ул. Абишева, 36/1, 36/3, 36/5, 36/12-13, 36/6-9","status":"done","deadline":"2022-12-31","started_at":"2022-01-01","stage_note":"4 очереди сданы","source_url":"https://krisha.kz/complex/show/almaty/gulder/","updated_at":"2026-09-14T09:23:27+00:00"}},
{"type":"Feature","id":"krisha:habipark","geometry":{"type":"Point","coordinates":[77.010086,43.29447]},"properties":{"id":"krisha:habipark","category":"apartments","name":"ЖК Habi park","builder":"Trust Qurylys","address":"Алматы, Медеуский р-н, ул. Халиуллина , 194/6а","status":"in_progress","deadline":"2026-12-31","started_at":null,"stage_note":null,"source_url":"https://krisha.kz/complex/show/almaty/habipark/","updated_at":"2026-09-14T07:41:56+00:00"}},
{"type":"Feature","id":"krisha:han-tengri","geometry":{"type":"Point","coordinates":[76.872368,43.169746]},"properties":{"id":"krisha:han-tengri","category":"apartments","name":"ЖК Хан Тенгри","builder":"Halyk Active","address":"Алматы, Наурызбайский р-н, ул. Кенесары хана, 54/1-45","status":"done","deadline":"2012-12-31","started_at":"2025-07-01","stage_note":null,"source_url":"https://krisha.kz/complex/show/almaty/han-tengri/","updated_at":"2026-09-14T09:31:38+00:00"}},
{"type":"Feature","id":"krisha:harmony","geometry":{"type":"Point","coordinates":[76.85405,43.190623]},"properties":{"id":"krisha:harmony","category":"apartments","name":"ЖК Гармония","builder":"TOO Verona Remizovka","address":"Алматы, Наурызбайский р-н, мкрн Курамыс, ул. Акселеу Сейдимбек, 110/1","status":"in_progress","deadline":"2021-12-31","started_at":"2022-01-01","stage_note":"2 очереди, последняя — Q4 2021","source_url":"https://krisha.kz/complex/show/almaty/harmony/","updated_at":"2026-09-14T08:51:44+00:00"}},
{"type":"Feature","id":"krisha:harmony2","geometry":{"type":"Point","coordinates":[76.817951,43.187398]},"properties":{"id":"krisha:harmony2","category":"apartments","name":"ЖК Harmony 2","builder":"TOO Verona Remizovka","address":"Алматы, Наурызбайский р-н, ул. Сейдимбек 25/37 / ул. Сейдимбек, 110/1","status":"in_progress","deadline":"2021-09-30","started_at":"2022-01-01","stage_note":null,"source_url":"https://krisha.kz/complex/show/almaty/harmony2/","updated_at":"2026-09-14T07:50:14+00:00"}},
{"type":"Feature","id":"krisha:hayatarena","geometry":{"type":"Point","coordinates":[76.994723,43.28757]},"properties":{"id":"krisha:hayatarena","category":"apartments","name":"ЖК Hayat Arena","builder":"Hayat Construction Group","address":"Алматы, Медеуский р-н, ул. Халиуллина, участок №132","status":"in_progress","deadline":"2026-06-30","started_at":"2025-07-01","stage_note":null,"source_url":"https://krisha.kz/complex/show/almaty/hayatarena/","updated_at":"2026-09-14T07:41:26+00:00"}},
{"type":"Feature","id":"krisha:hayatastoria","geometry":{"type":"Point","coordinates":[76.917239,43.188048]},"properties":{"id":"krisha:hayatastoria","category":"apartments","name":"ЖК Hayat Astoria","builder":"Hayat Construction Group","address":"Алматы, Бостандыкский р-н, мкр. Нур Алатау, 134","status":"in_progress","deadline":"2027-09-30","started_at":null,"stage_note":"1-я очередь из 2, сдача Q4 2026","source_url":"https://krisha.kz/complex/show/almaty/hayatastoria/","updated_at":"2026-09-14T07:41:28+00:00"}},
{"type":"Feature","id":"krisha:hayatmeliora","geometry":{"type":"Point","coordinates":[76.976818,43.245926]},"properties":{"id":"krisha:hayatmeliora","category":"apartments","name":"ЖК Hayat Meliora","builder":"Hayat Construction Group","address":"Алматы, Медеуский р-н, ул. Талгат Бигелдинов, 1/2","status":"done","deadline":"2024-06-30","started_at":"2023-10-01","stage_note":null,"source_url":"https://krisha.kz/complex/show/almaty/hayatmeliora/","updated_at":"2026-09-14T07:45:13+00:00"}},
{"type":"Feature","id":"krisha:hayatpark","geometry":{"type":"Point","coordinates":[76.908412,43.193168]},"properties":{"id":"krisha:hayatpark","category":"apartments","name":"ЖК Hayat Park","builder":"Hayat Construction Group","address":"Алматы, Бостандыкский р-н, микрорайон Баганшил, ул. Мади, 1в","status":"in_progress","deadline":"2022-09-30","started_at":"2022-01-01","stage_note":null,"source_url":"https://krisha.kz/complex/show/almaty/hayatpark/","updated_at":"2026-09-14T07:49:00+00:00"}},
{"type":"Feature","id":"krisha:hayatregency","geometry":{"type":"Point","coordinates":[76.968495,43.203843]},"properties":{"id":"krisha:hayatregency","category":"apartments","name":"ЖК Hayat Regency","builder":"Hayat Construction Group","address":"Алматы, Медеуский р-н, ул. Оспанова, 80/85","status":"done","deadline":"2026-06-30","started_at":"2025-07-01","stage_note":"2 очереди сданы","source_url":"https://krisha.kz/complex/show/almaty/hayatregency/","updated_at":"2026-09-14T07:43:02+00:00"}},
{"type":"Feature","id":"krisha:heaven","geometry":{"type":"Point","coordinates":[76.890835,43.218053]},"properties":{"id":"krisha:heaven","category":"apartments","name":"ЖК Heaven","builder":"Qazaqstroy","address":"Алматы, Бостандыкский р-н, ул. Утепова, 20","status":"done","deadline":"2020-12-31","started_at":"2022-01-01","stage_note":null,"source_url":"https://krisha.kz/complex/show/almaty/heaven/","updated_at":"2026-09-14T09:23:29+00:00"}},
{"type":"Feature","id":"krisha:highgarden","geometry":{"type":"Point","coordinates":[76.962436,43.214844]},"properties":{"id":"krisha:highgarden","category":"apartments","name":"Клубный дом High Garden","builder":"Enterprise Development Group","address":"Алматы, Медеуский р-н, просп. Достык, 125/1","status":"in_progress","deadline":"2022-09-30","started_at":"2023-04-01","stage_note":null,"source_url":"https://krisha.kz/complex/show/almaty/highgarden/","updated_at":"2026-09-14T07:48:46+00:00"}},
{"type":"Feature","id":"krisha:hilltownalmaty","geometry":{"type":"Point","coordinates":[76.938866,43.184467]},"properties":{"id":"krisha:hilltownalmaty","category":"apartments","name":"ЖК Hill Town Almaty","builder":"Курылыс Алатау А","address":"Алматы, ул. Таужиеги, 339","status":"in_progress","deadline":"2021-06-30","started_at":null,"stage_note":null,"source_url":"https://krisha.kz/complex/show/almaty/hilltownalmaty/","updated_at":"2026-09-14T07:50:32+00:00"}},
{"type":"Feature","id":"krisha:hilltownresidence","geometry":{"type":"Point","coordinates":[76.926119,43.185538]},"properties":{"id":"krisha:hilltownresidence","category":"apartments","name":"Коттеджный городок Hill Town Residence","builder":"Курылыс Алатау А","address":"Алматы, Бостандыкский р-н, мкрн. Ерменсай","status":"in_progress","deadline":"2022-12-31","started_at":"2022-01-01","stage_note":null,"source_url":"https://krisha.kz/complex/show/almaty/hilltownresidence/","updated_at":"2026-09-14T07:49:02+00:00"}},
{"type":"Feature","id":"krisha:homevillage","geometry":{"type":"Point","coordinates":[76.904574,43.172539]},"properties":{"id":"krisha:homevillage","category":"apartments","name":"Коттеджный городок Home Village","builder":"Diamond Hills","address":"Алматы, улица 14, 12","status":"in_progress","deadline":"2022-12-31","started_at":"2023-04-01","stage_note":null,"source_url":"https://krisha.kz/complex/show/almaty/homevillage/","updated_at":"2026-09-14T07:49:11+00:00"}},
{"type":"Feature","id":"krisha:hutorok","geometry":{"type":"Point","coordinates":[76.92674,43.204535]},"properties":{"id":"krisha:hutorok","category":"apartments","name":"ЖК Хуторок","builder":"ЖСК Алматы","address":"Алматы, Бостандыкский р-н, Ремизовское ущелье, КГ «Хуторок», д. 1–21","status":"in_progress","deadline":"2006-12-31","started_at":null,"stage_note":null,"source_url":"https://krisha.kz/complex/show/almaty/hutorok/","updated_at":"2026-09-14T09:35:18+00:00"}},
{"type":"Feature","id":"krisha:hyde-park","geometry":{"type":"Point","coordinates":[76.866639,43.193124]},"properties":{"id":"krisha:hyde-park","category":"apartments","name":"ЖК Hyde Park","builder":"BI Group Юг","address":"Алматы, Бостандыкский р-н, ул. Аскарова, 55/1 к1","status":"in_progress","deadline":"2020-09-30","started_at":"2022-01-01","stage_note":"2 очереди, последняя — Q3 2020","source_url":"https://krisha.kz/complex/show/hyde-park/","updated_at":"2026-09-14T09:23:33+00:00"}},
{"type":"Feature","id":"krisha:ideal-residence","geometry":{"type":"Point","coordinates":[76.951349,43.221729]},"properties":{"id":"krisha:ideal-residence","category":"apartments","name":"ЖК Ideal Residence","builder":"DIAL GROUP","address":"Алматы, Медеуский р-н, ул. Фурманова – Хаджи Мукана","status":"in_progress","deadline":"2018-06-30","started_at":null,"stage_note":null,"source_url":"https://krisha.kz/complex/show/ideal-residence/","updated_at":"2026-09-14T09:26:44+00:00"}},
{"type":"Feature","id":"krisha:ile-de-france","geometry":{"type":"Point","coordinates":[76.951704,43.223867]},"properties":{"id":"krisha:ile-de-france","category":"apartments","name":"ЖК Ile de France","builder":"Рамс Казахстан","address":"Алматы, Медеуский р-н, ул. Кажымукана, 59","status":"in_progress","deadline":"2018-03-31","started_at":"2022-01-01","stage_note":"2 очереди, последняя — Q1 2018","source_url":"https://krisha.kz/complex/show/ile-de-france/","updated_at":"2026-09-14T09:26:21+00:00"}},
{"type":"Feature","id":"krisha:imporio","geometry":{"type":"Point","coordinates":[76.890214,43.225806]},"properties":{"id":"krisha:imporio","category":"apartments","name":"ЖК Импорио","builder":"ХЭМКО TOO","address":"Алматы, Бостандыкский р-н, ул. Тимирязева 111А — Розыбакиева","status":"in_progress","deadline":"2009-06-30","started_at":null,"stage_note":null,"source_url":"https://krisha.kz/complex/show/almaty/imporio/","updated_at":"2026-09-14T09:33:21+00:00"}},
{"type":"Feature","id":"krisha:irishome","geometry":{"type":"Point","coordinates":[76.839581,43.179708]},"properties":{"id":"krisha:irishome","category":"apartments","name":"ЖК Iris Home","builder":"Lider Damu Group","address":"Алматы, Наурызбайский р-н, ул. Саудакент, 20","status":"in_progress","deadline":"2023-03-31","started_at":"2022-01-01","stage_note":"2 очереди, последняя — Q1 2023","source_url":"https://krisha.kz/complex/show/almaty/irishome/","updated_at":"2026-09-14T07:49:10+00:00"}},
{"type":"Feature","id":"krisha:istoriya","geometry":{"type":"Point","coordinates":[76.946991,43.332077]},"properties":{"id":"krisha:istoriya","category":"apartments","name":"ЖК История","builder":"Холдинговая компания Айсултан","address":"Алматы, Турксибский р-н, ул. Чернышевского, 23 к7","status":"in_progress","deadline":"2026-06-30","started_at":"2025-07-01","stage_note":null,"source_url":"https://krisha.kz/complex/show/almaty/istoriya/","updated_at":"2026-09-14T07:43:10+00:00"}},
{"type":"Feature","id":"krisha:izumrud-residence","geometry":{"type":"Point","coordinates":[76.903017,43.21788]},"properties":{"id":"krisha:izumrud-residence","category":"apartments","name":"ЖК Izumrud Residence","builder":"Рамс Казахстан","address":"Алматы, Бостандыкский р-н, Жарокова, 234 – Байкадамова (Кихтенко)","status":"in_progress","deadline":"2016-03-31","started_at":null,"stage_note":null,"source_url":"https://krisha.kz/complex/show/izumrud-residence/","updated_at":"2026-09-14T09:28:53+00:00"}},
{"type":"Feature","id":"krisha:izumrudnyj-gorod","geometry":{"type":"Point","coordinates":[76.918676,43.243477]},"properties":{"id":"krisha:izumrudnyj-gorod","category":"apartments","name":"ЖК Изумрудный город","builder":"ДомСтрой","address":"Алматы, Алмалинский р-н, ул. Курмангазы 141, 143, Шевченко 146, 148","status":"in_progress","deadline":"2006-06-30","started_at":null,"stage_note":null,"source_url":"https://krisha.kz/complex/show/almaty/izumrudnyj-gorod/","updated_at":"2026-09-14T09:35:16+00:00"}},
{"type":"Feature","id":"krisha:jaina","geometry":{"type":"Point","coordinates":[76.788955,43.251609]},"properties":{"id":"krisha:jaina","category":"apartments","name":"ЖК Жайна","builder":"Vertex AG","address":"Алматы, Алатауский р-н, Микрорайон Теректы, к.х. АКХ Казмис, участок 2032","status":"in_progress","deadline":"2026-09-30","started_at":null,"stage_note":null,"source_url":"https://krisha.kz/complex/show/almaty/jaina/","updated_at":"2026-09-14T07:42:27+00:00"}},
{"type":"Feature","id":"krisha:janaarbat","geometry":{"type":"Point","coordinates":[76.947348,43.332474]},"properties":{"id":"krisha:janaarbat","category":"apartments","name":"ЖК Jana Arbat","builder":"Холдинговая компания Айсултан","address":"Алматы, Турксибский р-н, ул. Сауранбаева, 18/1 - Молдагалиев, 25 к5, к6","status":"in_progress","deadline":"2024-03-31","started_at":"2023-10-01","stage_note":"3 очереди, последняя — Q1 2024","source_url":"https://krisha.kz/complex/show/almaty/janaarbat/","updated_at":"2026-09-14T09:22:48+00:00"}},
{"type":"Feature","id":"krisha:jandosova","geometry":{"type":"Point","coordinates":[76.874149,43.214819]},"properties":{"id":"krisha:jandosova","category":"apartments","name":"ЖК Жандосова","builder":"Предприятие капитального строительства акимата города Алматы","address":"Алматы, Ауэзовский р-н, ул. Жандосова, 140, 150/2,150/4","status":"in_progress","deadline":"2018-03-31","started_at":"2022-01-01","stage_note":"3 очереди, последняя — Q1 2018","source_url":"https://krisha.kz/complex/show/almaty/jandosova/","updated_at":"2026-09-14T09:28:25+00:00"}},
{"type":"Feature","id":"krisha:jandostar","geometry":{"type":"Point","coordinates":[76.934216,43.341855]},"properties":{"id":"krisha:jandostar","category":"apartments","name":"ЖК Jan Dostar","builder":"BAZIS–А","address":"Алматы, Турксибский р-н, ул. Петрозаводская, 7/1","status":"in_progress","deadline":"2027-12-31","started_at":"2025-07-01","stage_note":null,"source_url":"https://krisha.kz/complex/show/almaty/jandostar/","updated_at":"2026-09-14T07:41:47+00:00"}},
{"type":"Feature","id":"krisha:jardin","geometry":{"type":"Point","coordinates":[76.905238,43.168667]},"properties":{"id":"krisha:jardin","category":"apartments","name":"ЖК Jardin","builder":"ТОО Lider Company KZ","address":"Алматы, Бостандыкский р-н, мкрн. Нурлытау, 932","status":"done","deadline":"2025-12-31","started_at":"2023-07-01","stage_note":"4 очереди сданы","source_url":"https://krisha.kz/complex/show/almaty/jardin/","updated_at":"2026-09-14T07:45:17+00:00"}},
{"type":"Feature","id":"krisha:jarjar","geometry":{"type":"Point","coordinates":[76.872371,43.264324]},"properties":{"id":"krisha:jarjar","category":"apartments","name":"ЖК Jar-Jar","builder":"SVOYDOM","address":"Алматы, Алатауский р-н, ул. Фадеева, 38г","status":"in_progress","deadline":"2026-06-30","started_at":null,"stage_note":null,"source_url":"https://krisha.kz/complex/show/almaty/jarjar/","updated_at":"2026-09-14T07:41:57+00:00"}},
{"type":"Feature","id":"krisha:jaryq","geometry":{"type":"Point","coordinates":[77.101576,43.312649]},"properties":{"id":"krisha:jaryq","category":"apartments","name":"ЖК JARYQ","builder":"Pine Hills Group","address":"Алматы, Алматинская область, Талгарский район, поселок Бельбулак","status":"in_progress","deadline":"2022-12-31","started_at":null,"stage_note":null,"source_url":"https://krisha.kz/complex/show/almaty/jaryq/","updated_at":"2026-09-14T07:49:15+00:00"}},
{"type":"Feature","id":"krisha:jasmine","geometry":{"type":"Point","coordinates":[76.844679,43.229251]},"properties":{"id":"krisha:jasmine","category":"apartments","name":"ЖК Jasmine","builder":"Qazaq Stroy Company","address":"Алматы, 1-й микрорайон, 78","status":"in_progress","deadline":"2022-06-30","started_at":"2022-01-01","stage_note":null,"source_url":"https://krisha.kz/complex/show/almaty/jasmine/","updated_at":"2026-09-14T07:49:16+00:00"}},
{"type":"Feature","id":"krisha:jasmine-garden","geometry":{"type":"Point","coordinates":[76.969259,43.194903]},"properties":{"id":"krisha:jasmine-garden","category":"apartments","name":"ЖК Jasmine Garden","builder":"Qazaqstroy","address":"Алматы, Медеуский р-н, ул. Оспанова","status":"in_progress","deadline":"2019-12-31","started_at":null,"stage_note":"2 очереди, последняя — Q4 2019","source_url":"https://krisha.kz/complex/show/jasmine-garden/","updated_at":"2026-09-14T09:24:48+00:00"}},
{"type":"Feature","id":"krisha:jazzkvartal","geometry":{"type":"Point","coordinates":[76.875102,43.233894]},"properties":{"id":"krisha:jazzkvartal","category":"apartments","name":"ЖК Jazz-квартал","builder":"BAZIS–А","address":"Алматы, Бостандыкский р-н, ул. Каныша Сатпаева, 133/1","status":"done","deadline":"2024-06-30","started_at":"2022-01-01","stage_note":"6 очередей сдано","source_url":"https://krisha.kz/complex/show/almaty/jazzkvartal/","updated_at":"2026-09-14T09:25:00+00:00"}},
{"type":"Feature","id":"krisha:jedelvejs-kg","geometry":{"type":"Point","coordinates":[76.953632,43.206909]},"properties":{"id":"krisha:jedelvejs-kg","category":"apartments","name":"Коттеджный городок Эдельвейс","builder":"Ahsel","address":"Алматы, Медеуский р-н, мкр «Горный Гигант»","status":"in_progress","deadline":"2006-09-30","started_at":null,"stage_note":null,"source_url":"https://krisha.kz/complex/show/almaty/jedelvejs-kg/","updated_at":"2026-09-14T09:35:12+00:00"}},
{"type":"Feature","id":"krisha:jejvon","geometry":{"type":"Point","coordinates":[76.977395,43.204081]},"properties":{"id":"krisha:jejvon","category":"apartments","name":"ЖК Эйвон","builder":"ЖСК Алматы","address":"Алматы, Медеуский р-н, Достык — Оспанова","status":"in_progress","deadline":"2009-03-31","started_at":null,"stage_note":null,"source_url":"https://krisha.kz/complex/show/almaty/jejvon/","updated_at":"2026-09-14T09:33:11+00:00"}},
{"type":"Feature","id":"krisha:jelit-1-na-zenkova","geometry":{"type":"Point","coordinates":[76.957636,43.254351]},"properties":{"id":"krisha:jelit-1-na-zenkova","category":"apartments","name":"ЖК Элит-1 на Зенкова","builder":"ТОО СК Элитстрой","address":"Алматы, Медеуский р-н, ул. Богенбай батыра, 81 – Зенкова, 36","status":"in_progress","deadline":"2004-06-30","started_at":null,"stage_note":null,"source_url":"https://krisha.kz/complex/show/almaty/jelit-1-na-zenkova/","updated_at":"2026-09-14T09:36:01+00:00"}},
{"type":"Feature","id":"krisha:jelit-2-na-kaldajakova","geometry":{"type":"Point","coordinates":[76.958443,43.254395]},"properties":{"id":"krisha:jelit-2-na-kaldajakova","category":"apartments","name":"ЖК Элит-2 на Калдаякова","builder":"ТОО СК Элитстрой","address":"Алматы, Медеуский р-н, ул. Богенбай батыра, 79 – Калдаякова","status":"in_progress","deadline":"2009-12-31","started_at":null,"stage_note":null,"source_url":"https://krisha.kz/complex/show/almaty/jelit-2-na-kaldajakova/","updated_at":"2026-09-14T09:32:51+00:00"}},
{"type":"Feature","id":"krisha:jerana","geometry":{"type":"Point","coordinates":[76.949238,43.23]},"properties":{"id":"krisha:jerana","category":"apartments","name":"ЖК Jer Ana","builder":"Atrix Group","address":"Алматы, Бостандыкский р-н, Проспект Назарбаева, 235 Б","status":"done","deadline":"2023-09-30","started_at":"2022-01-01","stage_note":null,"source_url":"https://krisha.kz/complex/show/almaty/jerana/","updated_at":"2026-09-14T07:46:24+00:00"}},
{"type":"Feature","id":"krisha:jetisu3","geometry":{"type":"Point","coordinates":[76.842228,43.219459]},"properties":{"id":"krisha:jetisu3","category":"apartments","name":"ЖК Жетысу (Казстрой)","builder":"КазСтрой","address":"Алматы, Ауэзовский р-н, мкр. Жетысу 3, 50,51, 52, 53, 54","status":"in_progress","deadline":"2009-12-31","started_at":null,"stage_note":null,"source_url":"https://krisha.kz/complex/show/almaty/jetisu3/","updated_at":"2026-09-14T09:33:24+00:00"}},
{"type":"Feature","id":"krisha:jetisupark","geometry":{"type":"Point","coordinates":[76.949767,43.288448]},"properties":{"id":"krisha:jetisupark","category":"apartments","name":"ЖК Jetisu Park","builder":"ТОО МИА Строй","address":"Алматы, Жетысуский р-н, ул. Есенова, 160/3","status":"in_progress","deadline":"2025-03-31","started_at":"2022-01-01","stage_note":"4 очереди, последняя — Q1 2025","source_url":"https://krisha.kz/complex/show/almaty/jetisupark/","updated_at":"2026-09-14T07:49:18+00:00"}},
{"type":"Feature","id":"krisha:jetjud","geometry":{"type":"Point","coordinates":[76.963675,43.221687]},"properties":{"id":"krisha:jetjud","category":"apartments","name":"ЖК Этюд","builder":"BAZIS–А","address":"Алматы, Медеуский р-н, пр. Достык, 250 – Омаровой","status":"in_progress","deadline":"2007-06-30","started_at":null,"stage_note":null,"source_url":"https://krisha.kz/complex/show/almaty/jetjud/","updated_at":"2026-09-14T09:34:34+00:00"}},
{"type":"Feature","id":"krisha:jibekjoly","geometry":{"type":"Point","coordinates":[76.791249,43.23391]},"properties":{"id":"krisha:jibekjoly","category":"apartments","name":"Бигвилль Jibek Joly","builder":"BI Group Юг","address":"Алматы, Алатауский р-н, ул. Райымбек, 535/2","status":"in_progress","deadline":"2027-12-31","started_at":null,"stage_note":"1-я очередь из 2, сдача Q3 2027","source_url":"https://krisha.kz/complex/show/almaty/jibekjoly/","updated_at":"2026-09-14T07:40:26+00:00"}},
{"type":"Feature","id":"krisha:juzhnyj-dujet","geometry":{"type":"Point","coordinates":[76.899621,43.213707]},"properties":{"id":"krisha:juzhnyj-dujet","category":"apartments","name":"ЖК Южный Дуэт","builder":"Aman Real Estate ТОО","address":"Алматы, Бостандыкский р-н, ул. Байкадамова, 2в, 2д – Жарокова","status":"in_progress","deadline":"2011-03-31","started_at":null,"stage_note":null,"source_url":"https://krisha.kz/complex/show/almaty/juzhnyj-dujet/","updated_at":"2026-09-14T09:32:15+00:00"}},
{"type":"Feature","id":"krisha:kamenkaluxury","geometry":{"type":"Point","coordinates":[76.841226,43.181433]},"properties":{"id":"krisha:kamenkaluxury","category":"apartments","name":"ЖК KAMENKA LUXURY","builder":"Asia BS Group","address":"Алматы, Наурызбайский р-н, ул. Кали Надырова, 93 А","status":"in_progress","deadline":"2024-12-31","started_at":null,"stage_note":null,"source_url":"https://krisha.kz/complex/show/almaty/kamenkaluxury/","updated_at":"2026-09-14T07:45:19+00:00"}},
{"type":"Feature","id":"krisha:kamenkapark","geometry":{"type":"Point","coordinates":[76.825918,43.185858]},"properties":{"id":"krisha:kamenkapark","category":"apartments","name":"ЖК Kamenka Park","builder":"Dos Development","address":"Алматы, Наурызбайский р-н, ул. Жандосова, 70Б","status":"done","deadline":"2024-12-31","started_at":"2023-04-01","stage_note":null,"source_url":"https://krisha.kz/complex/show/almaty/kamenkapark/","updated_at":"2026-09-14T07:40:10+00:00"}},
{"type":"Feature","id":"krisha:kamila","geometry":{"type":"Point","coordinates":[76.833592,43.299385]},"properties":{"id":"krisha:kamila","category":"apartments","name":"ЖК Kamila","builder":"Aspan Development","address":"Алматы, Алатауский р-н, ул. 20-й микрорайон, 46 к19","status":"done","deadline":"2024-12-31","started_at":"2023-10-01","stage_note":null,"source_url":"https://krisha.kz/complex/show/almaty/kamila/","updated_at":"2026-09-14T07:45:21+00:00"}},
{"type":"Feature","id":"krisha:karasu","geometry":{"type":"Point","coordinates":[76.90468,43.340061]},"properties":{"id":"krisha:karasu","category":"apartments","name":"Таунхаус Карасу","builder":"Тұрғын үй Қарасу","address":"Алматы, Алатауский р-н, ул. Мойылды, 1/3","status":"in_progress","deadline":"2022-09-30","started_at":null,"stage_note":"2 очереди, последняя — Q3 2022","source_url":"https://krisha.kz/complex/show/almaty/karasu/","updated_at":"2026-09-14T09:25:02+00:00"}},
{"type":"Feature","id":"krisha:kargaly","geometry":{"type":"Point","coordinates":[76.866557,43.203748]},"properties":{"id":"krisha:kargaly","category":"apartments","name":"ЖК Каргалы","builder":"Имсталькон","address":"Алматы, Ауэзовский р-н, ул. Жазылбека, 20 – Саина","status":"in_progress","deadline":"2007-09-30","started_at":null,"stage_note":null,"source_url":"https://krisha.kz/complex/show/almaty/kargaly/","updated_at":"2026-09-14T09:34:36+00:00"}},
{"type":"Feature","id":"krisha:kaspii","geometry":{"type":"Point","coordinates":[76.830434,43.294864]},"properties":{"id":"krisha:kaspii","category":"apartments","name":"ЖК Каспий","builder":"ТОО SMR-EURASIA","address":"Алматы, Алатауский р-н, 20-й микрорайон, 22","status":"in_progress","deadline":"2027-12-31","started_at":"2022-01-01","stage_note":"6-я очередь из 7, сдача Q3 2026","source_url":"https://krisha.kz/complex/show/almaty/kaspii/","updated_at":"2026-09-14T07:40:10+00:00"}},
{"type":"Feature","id":"krisha:kassina","geometry":{"type":"Point","coordinates":[76.936918,43.308565]},"properties":{"id":"krisha:kassina","category":"apartments","name":"ЖК На Кассина","builder":"Qazaqstroy","address":"Алматы, Турксибский р-н, ул. Кассина, 146/2","status":"in_progress","deadline":"2024-03-31","started_at":null,"stage_note":null,"source_url":"https://krisha.kz/complex/show/almaty/kassina/","updated_at":"2026-09-14T07:45:23+00:00"}},
{"type":"Feature","id":"krisha:kaycar","geometry":{"type":"Point","coordinates":[76.868886,43.247511]},"properties":{"id":"krisha:kaycar","category":"apartments","name":"ЖК Каусар","builder":"ТОО \"Халык Актив\"","address":"Алматы, Алмалинский р-н, ул. Толе би, 286/1, 286/3, 286/5, 286/6, 286/8","status":"in_progress","deadline":"2012-12-31","started_at":null,"stage_note":"2 очереди, последняя — Q4 2012","source_url":"https://krisha.kz/complex/show/almaty/kaycar/","updated_at":"2026-09-14T09:32:19+00:00"}},
{"type":"Feature","id":"krisha:kdalatau","geometry":{"type":"Point","coordinates":[76.890203,43.182766]},"properties":{"id":"krisha:kdalatau","category":"apartments","name":"Клубный дом Алатау","builder":"ТОО BIG FOUR GROUP","address":"Алматы, Бостандыкский р-н, мкр. Хан-Тенгри, 18А","status":"in_progress","deadline":"2021-03-31","started_at":"2022-01-01","stage_note":null,"source_url":"https://krisha.kz/complex/show/almaty/kdalatau/","updated_at":"2026-09-14T07:50:26+00:00"}},
{"type":"Feature","id":"krisha:kdcitadel","geometry":{"type":"Point","coordinates":[76.994456,43.311693]},"properties":{"id":"krisha:kdcitadel","category":"apartments","name":"Клубный дом Citadel","builder":"ТОО MR Construction","address":"Алматы, ул. Белбулак, 2","status":"in_progress","deadline":"2024-03-31","started_at":"2023-10-01","stage_note":null,"source_url":"https://krisha.kz/complex/show/almaty/kdcitadel/","updated_at":"2026-09-14T07:44:44+00:00"}},
{"type":"Feature","id":"krisha:kdevim","geometry":{"type":"Point","coordinates":[76.86992,43.183861]},"properties":{"id":"krisha:kdevim","category":"apartments","name":"ЖК Клубный Дом EVIM","builder":"Хатеррэйс","address":"Алматы, Наурызбайский р-н, ул. Аскарова, 21/68","status":"in_progress","deadline":"2020-09-30","started_at":null,"stage_note":null,"source_url":"https://krisha.kz/complex/show/almaty/kdevim/","updated_at":"2026-09-14T09:23:12+00:00"}},
{"type":"Feature","id":"krisha:kenesary","geometry":{"type":"Point","coordinates":[76.930471,43.341155]},"properties":{"id":"krisha:kenesary","category":"apartments","name":"ЖК Kenesary","builder":"Qazaqstroy","address":"Алматы, Жетысуский р-н, ул. Бурундайская, 91","status":"in_progress","deadline":"2025-12-31","started_at":"2025-07-01","stage_note":null,"source_url":"https://krisha.kz/complex/show/almaty/kenesary/","updated_at":"2026-09-14T07:43:12+00:00"}},
{"type":"Feature","id":"krisha:keremet","geometry":{"type":"Point","coordinates":[76.938064,43.234679]},"properties":{"id":"krisha:keremet","category":"apartments","name":"ЖК Керемет","builder":"Корпорация ВЕК","address":"Алматы, Бостандыкский р-н, микрорайон Керемет, 5 к19","status":"in_progress","deadline":"2008-09-30","started_at":null,"stage_note":null,"source_url":"https://krisha.kz/complex/show/almaty/keremet/","updated_at":"2026-09-14T09:34:05+00:00"}},
{"type":"Feature","id":"krisha:kereyresidence","geometry":{"type":"Point","coordinates":[76.908987,43.174143]},"properties":{"id":"krisha:kereyresidence","category":"apartments","name":"ЖК Kerey Residence","builder":"Алматыкурылыс","address":"Алматы, Бостандыкский р-н, микрорайон Нур-Алатау ул 13, дом 34","status":"in_progress","deadline":"2021-09-30","started_at":"2022-01-01","stage_note":null,"source_url":"https://krisha.kz/complex/show/almaty/kereyresidence/","updated_at":"2026-09-14T08:51:54+00:00"}},
{"type":"Feature","id":"krisha:kinoteatrshugyla","geometry":{"type":"Point","coordinates":[76.941277,43.323043]},"properties":{"id":"krisha:kinoteatrshugyla","category":"apartments","name":"ЖК Кинотеатр Шугыла","builder":"ТОО ЕВРАЗИЯ","address":"Алматы, Турксибский р-н, ул. Ровенского, 1","status":"in_progress","deadline":"2024-09-30","started_at":"2023-10-01","stage_note":null,"source_url":"https://krisha.kz/complex/show/almaty/kinoteatrshugyla/","updated_at":"2026-09-14T07:45:50+00:00"}},
{"type":"Feature","id":"krisha:klubniydom44","geometry":{"type":"Point","coordinates":[76.896114,43.2057]},"properties":{"id":"krisha:klubniydom44","category":"apartments","name":"Клубный дом 44","builder":"BI Group Юг","address":"Алматы, Бостандыкский р-н, ул. Радостовца, 359","status":"in_progress","deadline":"2025-12-31","started_at":null,"stage_note":null,"source_url":"https://krisha.kz/complex/show/almaty/klubniydom44/","updated_at":"2026-09-14T07:42:30+00:00"}},
{"type":"Feature","id":"krisha:klubniydomverona","geometry":{"type":"Point","coordinates":[76.929388,43.197709]},"properties":{"id":"krisha:klubniydomverona","category":"apartments","name":"Клубный дом Verona","builder":"TOO Verona Remizovka","address":"Алматы, Бостандыкский р-н, ул. Жаксылык Ушкемпиров, 31","status":"in_progress","deadline":"2025-12-31","started_at":"2023-10-01","stage_note":null,"source_url":"https://krisha.kz/complex/show/almaty/klubniydomverona/","updated_at":"2026-09-14T07:43:55+00:00"}},
{"type":"Feature","id":"krisha:klubniydomw","geometry":{"type":"Point","coordinates":[76.87704,43.166863]},"properties":{"id":"krisha:klubniydomw","category":"apartments","name":"Клубный дом W","builder":"SHEBERGROUP","address":"Алматы, Наурызбайский р-н, ул. Егора Редько, 3","status":"in_progress","deadline":"2024-03-31","started_at":"2022-01-01","stage_note":null,"source_url":"https://krisha.kz/complex/show/almaty/klubniydomw/","updated_at":"2026-09-14T07:46:02+00:00"}},
{"type":"Feature","id":"krisha:klubnyy-dom-deville","geometry":{"type":"Point","coordinates":[76.967069,43.22213]},"properties":{"id":"krisha:klubnyy-dom-deville","category":"apartments","name":"Клубный дом De Ville","builder":"Бай Мунай","address":"Алматы, Медеуский р-н, ул. Рубинштейна, 21А","status":"in_progress","deadline":"2018-09-30","started_at":null,"stage_note":null,"source_url":"https://krisha.kz/complex/show/almaty/klubnyy-dom-deville/","updated_at":"2026-09-14T09:27:39+00:00"}},
{"type":"Feature","id":"krisha:klubnyy-dom-taraz","geometry":{"type":"Point","coordinates":[76.907981,43.211129]},"properties":{"id":"krisha:klubnyy-dom-taraz","category":"apartments","name":"ЖК Клубный дом «ТАРАЗ»","builder":"Tisha Group ТОО","address":"Алматы, Бостандыкский р-н, ул. Экспериментальная, 2 – Ходжанова","status":"in_progress","deadline":"2014-03-31","started_at":null,"stage_note":null,"source_url":"https://krisha.kz/complex/show/klubnyy-dom-taraz/","updated_at":"2026-09-14T09:30:38+00:00"}},
{"type":"Feature","id":"krisha:kok-zher","geometry":{"type":"Point","coordinates":[76.955949,43.267401]},"properties":{"id":"krisha:kok-zher","category":"apartments","name":"ЖК Кок Жер","builder":"ЖСК Алматы","address":"Алматы, Медеуский р-н, ул. Потанина, 14 / ул. Янушкевича, 17","status":"in_progress","deadline":"2018-12-31","started_at":null,"stage_note":null,"source_url":"https://krisha.kz/complex/show/kok-zher/","updated_at":"2026-09-14T09:26:50+00:00"}},
{"type":"Feature","id":"krisha:kokjiekcity","geometry":{"type":"Point","coordinates":[76.928859,43.365732]},"properties":{"id":"krisha:kokjiekcity","category":"apartments","name":"ЖК Kokjiek City","builder":"Time Group","address":"Алматы, Жетысуский р-н, ул. Жолымбет, 42/5","status":"in_progress","deadline":"2025-06-30","started_at":"2023-10-01","stage_note":"2 очереди, последняя — Q2 2025","source_url":"https://krisha.kz/complex/show/almaty/kokjiekcity/","updated_at":"2026-09-14T07:44:48+00:00"}},
{"type":"Feature","id":"krisha:koksay","geometry":{"type":"Point","coordinates":[76.988881,43.208283]},"properties":{"id":"krisha:koksay","category":"apartments","name":"ЖК Koksai Юбилейный","builder":"Pine Hills Group","address":"Алматы, ул. МТФ, 3","status":"in_progress","deadline":"2023-03-31","started_at":null,"stage_note":null,"source_url":"https://krisha.kz/complex/show/almaty/koksay/","updated_at":"2026-09-14T07:47:07+00:00"}},
{"type":"Feature","id":"krisha:kokshe","geometry":{"type":"Point","coordinates":[76.966701,43.230623]},"properties":{"id":"krisha:kokshe","category":"apartments","name":"ЖК Кокше","builder":"Матай Групп","address":"Алматы, Медеуский р-н, Керей-Жәнібек хандар, 29","status":"in_progress","deadline":"2011-12-31","started_at":null,"stage_note":null,"source_url":"https://krisha.kz/complex/show/almaty/kokshe/","updated_at":"2026-09-14T09:32:21+00:00"}},
{"type":"Feature","id":"krisha:koktobe-siti","geometry":{"type":"Point","coordinates":[76.981945,43.260524]},"properties":{"id":"krisha:koktobe-siti","category":"apartments","name":"ЖК Koktobe city","builder":"Kusto Home","address":"Алматы, Медеуский р-н, ул. Сагадат Нурмагамбетова, 138/2","status":"done","deadline":"2024-09-30","started_at":"2024-04-01","stage_note":"4 очереди сданы","source_url":"https://krisha.kz/complex/show/almaty/koktobe-siti/","updated_at":"2026-09-14T09:28:45+00:00"}},
{"type":"Feature","id":"krisha:kokzhiek","geometry":{"type":"Point","coordinates":[76.922582,43.357252]},"properties":{"id":"krisha:kokzhiek","category":"apartments","name":"ЖК Кокжиек","builder":"Алматыкурылыс","address":"Алматы, Жетысуский р-н, мкр Кокжиек","status":"in_progress","deadline":"2014-12-31","started_at":null,"stage_note":null,"source_url":"https://krisha.kz/complex/show/almaty/kokzhiek/","updated_at":"2026-09-14T09:30:45+00:00"}},
{"type":"Feature","id":"krisha:komfort","geometry":{"type":"Point","coordinates":[76.898492,43.20276]},"properties":{"id":"krisha:komfort","category":"apartments","name":"ЖК КОМФОРТ","builder":"СеАй KZ","address":"Алматы, Бостандыкский р-н, пр. Гагарина, 309, ниже пр. Аль-Фараби","status":"in_progress","deadline":"2016-12-31","started_at":null,"stage_note":null,"source_url":"https://krisha.kz/complex/show/komfort/","updated_at":"2026-09-14T09:28:57+00:00"}},
{"type":"Feature","id":"krisha:komfort-plyus","geometry":{"type":"Point","coordinates":[76.933677,43.2434]},"properties":{"id":"krisha:komfort-plyus","category":"apartments","name":"ЖК Комфорт Плюс","builder":"Рамс Казахстан","address":"Алматы, Алмалинский р-н, Сейфуллина — Курмангазы","status":"in_progress","deadline":"2015-12-31","started_at":null,"stage_note":null,"source_url":"https://krisha.kz/complex/show/komfort-plyus/","updated_at":"2026-09-14T09:29:58+00:00"}},
{"type":"Feature","id":"krisha:komil-fo","geometry":{"type":"Point","coordinates":[76.931248,43.199032]},"properties":{"id":"krisha:komil-fo","category":"apartments","name":"ЖК Комильфо","builder":"Нефтебаза Альмерек ТОО","address":"Алматы, Бостандыкский р-н, мкр «Ерменсай», пер. 5, д. 9","status":"in_progress","deadline":"2017-03-31","started_at":null,"stage_note":null,"source_url":"https://krisha.kz/complex/show/komil-fo/","updated_at":"2026-09-14T09:28:07+00:00"}},
{"type":"Feature","id":"krisha:kosmo","geometry":{"type":"Point","coordinates":[76.893018,43.196768]},"properties":{"id":"krisha:kosmo","category":"apartments","name":"ЖК Космо","builder":"ХЭМКО TOO","address":"Алматы, Бостандыкский р-н, ул. Розыбакиева, 283/1 блок 2","status":"in_progress","deadline":"2017-06-30","started_at":null,"stage_note":null,"source_url":"https://krisha.kz/complex/show/kosmo/","updated_at":"2026-09-14T09:28:09+00:00"}},
{"type":"Feature","id":"krisha:kosmonavtova","geometry":{"type":"Point","coordinates":[76.928205,43.230295]},"properties":{"id":"krisha:kosmonavtova","category":"apartments","name":"ЖК Kosmonavtova","builder":"Поток-8","address":"Алматы, Бостандыкский р-н, ул. Пирогова, 15","status":"in_progress","deadline":"2025-12-31","started_at":null,"stage_note":null,"source_url":"https://krisha.kz/complex/show/almaty/kosmonavtova/","updated_at":"2026-09-14T07:43:14+00:00"}},
{"type":"Feature","id":"krisha:kotelnikova","geometry":{"type":"Point","coordinates":[76.942441,43.310233]},"properties":{"id":"krisha:kotelnikova","category":"apartments","name":"ЖК Котельникова 8/1","builder":"Центр СМР","address":"Алматы, Турксибский р-н, ул. Котельникова, 8/1","status":"in_progress","deadline":"2021-06-30","started_at":null,"stage_note":null,"source_url":"https://krisha.kz/complex/show/almaty/kotelnikova/","updated_at":"2026-09-14T07:50:08+00:00"}},
{"type":"Feature","id":"krisha:kristal","geometry":{"type":"Point","coordinates":[76.923615,43.257351]},"properties":{"id":"krisha:kristal","category":"apartments","name":"ЖК Kayra","builder":"Kayra","address":"Алматы, Алмалинский р-н, ул. Айтеке Би 123/1","status":"in_progress","deadline":"2017-06-30","started_at":null,"stage_note":null,"source_url":"https://krisha.kz/complex/show/kristal/","updated_at":"2026-09-14T09:28:05+00:00"}},
{"type":"Feature","id":"krisha:kristall","geometry":{"type":"Point","coordinates":[76.88259,43.237285]},"properties":{"id":"krisha:kristall","category":"apartments","name":"ЖК Кристалл","builder":"Qazaqstroy","address":"Алматы, Бостандыкский р-н, ул. Тургут Озала, 237","status":"done","deadline":"2024-09-30","started_at":"2022-01-01","stage_note":null,"source_url":"https://krisha.kz/complex/show/almaty/kristall/","updated_at":"2026-09-14T07:45:25+00:00"}},
{"type":"Feature","id":"krisha:kuanysh","geometry":{"type":"Point","coordinates":[76.860843,43.232494]},"properties":{"id":"krisha:kuanysh","category":"apartments","name":"ЖК Куаныш","builder":"Bayterek 2050 TOO old","address":"Алматы, Ауэзовский р-н, мкр 2, 40г (Алтынсарина – Куанышбаева – Утеген батыра)","status":"in_progress","deadline":"2017-03-31","started_at":null,"stage_note":null,"source_url":"https://krisha.kz/complex/show/kuanysh/","updated_at":"2026-09-14T09:28:11+00:00"}},
{"type":"Feature","id":"krisha:kuat-na-baribaeva-gogolja","geometry":{"type":"Point","coordinates":[76.964193,43.260811]},"properties":{"id":"krisha:kuat-na-baribaeva-gogolja","category":"apartments","name":"ЖК КУАТ на Барибаева - Гоголя","builder":"KUAT","address":"Алматы, Медеуский р-н, ул. Гоголя, 2 – Барибаева","status":"in_progress","deadline":"2004-12-31","started_at":null,"stage_note":null,"source_url":"https://krisha.kz/complex/show/almaty/kuat-na-baribaeva-gogolja/","updated_at":"2026-09-14T09:36:16+00:00"}},
{"type":"Feature","id":"krisha:kuat-na-dostyk-satpaeva","geometry":{"type":"Point","coordinates":[76.958056,43.239738]},"properties":{"id":"krisha:kuat-na-dostyk-satpaeva","category":"apartments","name":"ЖК КУАT на Достык - Сатпаева","builder":"KUAT","address":"Алматы, Медеуский р-н, пр. Достык 112, 116, 118 – Сатпаева","status":"in_progress","deadline":"2007-06-30","started_at":null,"stage_note":null,"source_url":"https://krisha.kz/complex/show/almaty/kuat-na-dostyk-satpaeva/","updated_at":"2026-09-14T09:34:32+00:00"}},
{"type":"Feature","id":"krisha:kuat-na-furmanova-kazybek-bi","geometry":{"type":"Point","coordinates":[76.946147,43.256333]},"properties":{"id":"krisha:kuat-na-furmanova-kazybek-bi","category":"apartments","name":"ЖК КУАТ на Фурманова - Казыбек-би","builder":"KUAT","address":"Алматы, Медеуский р-н, ул. Фурманова, 111 – Казыбек би, 48","status":"in_progress","deadline":"2004-03-31","started_at":null,"stage_note":null,"source_url":"https://krisha.kz/complex/show/almaty/kuat-na-furmanova-kazybek-bi/","updated_at":"2026-09-14T09:36:18+00:00"}},
{"type":"Feature","id":"krisha:kuat-na-masanchi-abaja","geometry":{"type":"Point","coordinates":[76.932032,43.240437]},"properties":{"id":"krisha:kuat-na-masanchi-abaja","category":"apartments","name":"ЖК КУАТ на Масанчи — Абая","builder":"KUAT","address":"Алматы, Бостандыкский р-н, ул. Масанчи, 98а, 98б, 98в — пр. Абая","status":"in_progress","deadline":"2006-06-30","started_at":null,"stage_note":null,"source_url":"https://krisha.kz/complex/show/almaty/kuat-na-masanchi-abaja/","updated_at":"2026-09-14T09:34:59+00:00"}},
{"type":"Feature","id":"krisha:kuat-na-panfilova-gogolja","geometry":{"type":"Point","coordinates":[76.944061,43.259513]},"properties":{"id":"krisha:kuat-na-panfilova-gogolja","category":"apartments","name":"ЖК КУАТ на Панфилова - Гоголя","builder":"KUAT","address":"Алматы, Алмалинский р-н, ул. Панфилова, 113 – Гоголя, 56","status":"in_progress","deadline":"2009-12-31","started_at":null,"stage_note":null,"source_url":"https://krisha.kz/complex/show/almaty/kuat-na-panfilova-gogolja/","updated_at":"2026-09-14T09:33:15+00:00"}},
{"type":"Feature","id":"krisha:kuat-na-satpaeva-gagarina","geometry":{"type":"Point","coordinates":[76.893154,43.23334]},"properties":{"id":"krisha:kuat-na-satpaeva-gagarina","category":"apartments","name":"ЖК КУАТ на Сатпаева - Гагарина","builder":"KUAT","address":"Алматы, Бостандыкский р-н, ул. Солодовникова, 21а, 21д, 21е, 23 — пр. Гагарина","status":"in_progress","deadline":"2008-03-31","started_at":null,"stage_note":null,"source_url":"https://krisha.kz/complex/show/almaty/kuat-na-satpaeva-gagarina/","updated_at":"2026-09-14T09:33:58+00:00"}},
{"type":"Feature","id":"krisha:kuat-na-torajgyrova-saina","geometry":{"type":"Point","coordinates":[76.872822,43.201965]},"properties":{"id":"krisha:kuat-na-torajgyrova-saina","category":"apartments","name":"ЖК КУАТ на Торайгырова - Саина","builder":"KUAT","address":"Алматы, Бостандыкский р-н, ул. Торайгырова, 25, к.1-3 – Саина","status":"in_progress","deadline":"2007-03-31","started_at":null,"stage_note":null,"source_url":"https://krisha.kz/complex/show/almaty/kuat-na-torajgyrova-saina/","updated_at":"2026-09-14T09:34:38+00:00"}},
{"type":"Feature","id":"krisha:kuat-po-rozybakieva-eskaraeva","geometry":{"type":"Point","coordinates":[76.89176,43.206511]},"properties":{"id":"krisha:kuat-po-rozybakieva-eskaraeva","category":"apartments","name":"ЖК КУАТ на Ескараева","builder":"KUAT","address":"Алматы, Бостандыкский р-н, ул. Хусаинова, 225","status":"in_progress","deadline":"2004-06-30","started_at":null,"stage_note":null,"source_url":"https://krisha.kz/complex/show/almaty/kuat-po-rozybakieva-eskaraeva/","updated_at":"2026-09-14T09:33:55+00:00"}},
{"type":"Feature","id":"krisha:kulan","geometry":{"type":"Point","coordinates":[76.874846,43.198696]},"properties":{"id":"krisha:kulan","category":"apartments","name":"ЖК Кулан","builder":"Alshyn","address":"Алматы, Бостандыкский р-н, мкр «Орбита-3», 55/2","status":"in_progress","deadline":"2014-12-31","started_at":null,"stage_note":null,"source_url":"https://krisha.kz/complex/show/kulan/","updated_at":"2026-09-14T09:30:49+00:00"}},
{"type":"Feature","id":"krisha:laeradeaquarius","geometry":{"type":"Point","coordinates":[76.943659,43.210343]},"properties":{"id":"krisha:laeradeaquarius","category":"apartments","name":"Клубный дом La Era de Aquarius","builder":"Trinity","address":"Алматы, Медеуский р-н, ул. Тимофея Седельникова, 18, 30","status":"in_progress","deadline":"2021-12-31","started_at":null,"stage_note":null,"source_url":"https://krisha.kz/complex/show/almaty/laeradeaquarius/","updated_at":"2026-09-14T07:50:40+00:00"}},
{"type":"Feature","id":"krisha:lafayette","geometry":{"type":"Point","coordinates":[76.854708,43.189413]},"properties":{"id":"krisha:lafayette","category":"apartments","name":"ЖК Lafayette","builder":"K7 Group","address":"Алматы, Наурызбайский р-н, ул. Сейдимбека, 110/1","status":"in_progress","deadline":"2022-09-30","started_at":"2022-01-01","stage_note":"2 очереди, последняя — Q3 2022","source_url":"https://krisha.kz/complex/show/almaty/lafayette/","updated_at":"2026-09-14T08:51:55+00:00"}},
{"type":"Feature","id":"krisha:lagrace","geometry":{"type":"Point","coordinates":[76.854,43.190407]},"properties":{"id":"krisha:lagrace","category":"apartments","name":"Клубный дом La Grace","builder":"JD Corp","address":"Алматы, Наурызбайский р-н, ул. Сейдимбек, 110/1","status":"in_progress","deadline":"2022-03-31","started_at":"2022-01-01","stage_note":null,"source_url":"https://krisha.kz/complex/show/almaty/lagrace/","updated_at":"2026-09-14T07:48:54+00:00"}},
{"type":"Feature","id":"krisha:laketown","geometry":{"type":"Point","coordinates":[76.870661,43.240719]},"properties":{"id":"krisha:laketown","category":"apartments","name":"ЖК Lake Town","builder":"BI Group Юг","address":"Алматы, Алмалинский р-н, ул. Варламова / Малая ул. Абая","status":"done","deadline":"2023-06-30","started_at":"2022-01-01","stage_note":"3 очереди сданы","source_url":"https://krisha.kz/complex/show/almaty/laketown/","updated_at":"2026-09-14T08:51:58+00:00"}},
{"type":"Feature","id":"krisha:lamiya","geometry":{"type":"Point","coordinates":[76.923689,43.244498]},"properties":{"id":"krisha:lamiya","category":"apartments","name":"ЖК Lamiya","builder":"Рамс Казахстан","address":"Алматы, Алмалинский р-н, ул. Ади Шарипова, 145","status":"in_progress","deadline":"2021-06-30","started_at":null,"stage_note":null,"source_url":"https://krisha.kz/complex/show/almaty/lamiya/","updated_at":"2026-09-14T08:51:59+00:00"}},
{"type":"Feature","id":"krisha:lancashire","geometry":{"type":"Point","coordinates":[76.856552,43.183579]},"properties":{"id":"krisha:lancashire","category":"apartments","name":"ЖК Lancashire","builder":"K7 Group","address":"Алматы, Наурызбайский р-н, мкр Курамыс, участок 78","status":"in_progress","deadline":"2023-03-31","started_at":"2022-01-01","stage_note":null,"source_url":"https://krisha.kz/complex/show/almaty/lancashire/","updated_at":"2026-09-14T07:47:14+00:00"}},
{"type":"Feature","id":"krisha:latifa-residence","geometry":{"type":"Point","coordinates":[76.959871,43.235089]},"properties":{"id":"krisha:latifa-residence","category":"apartments","name":"ЖК Latifa residence","builder":"Рамс Казахстан","address":"Алматы, Медеуский р-н, пр. Достык, 138 – Жолдасбекова","status":"in_progress","deadline":"2018-03-31","started_at":null,"stage_note":null,"source_url":"https://krisha.kz/complex/show/latifa-residence/","updated_at":"2026-09-14T09:26:52+00:00"}},
{"type":"Feature","id":"krisha:laverde","geometry":{"type":"Point","coordinates":[76.953432,43.209351]},"properties":{"id":"krisha:laverde","category":"apartments","name":"ЖК La Verde","builder":"Рамс Казахстан","address":"Алматы, Медеуский р-н, ул. Жамакаева, 252","status":"in_progress","deadline":"2022-12-31","started_at":"2022-01-01","stage_note":null,"source_url":"https://krisha.kz/complex/show/almaty/laverde/","updated_at":"2026-09-14T07:49:22+00:00"}},
{"type":"Feature","id":"krisha:legenda","geometry":{"type":"Point","coordinates":[76.909025,43.240405]},"properties":{"id":"krisha:legenda","category":"apartments","name":"ЖК Legenda","builder":"BAZIS–А","address":"Алматы, Алмалинский р-н, севернее пр. Абая, восточнее ул. Манаса","status":"done","deadline":"2025-03-31","started_at":"2022-01-01","stage_note":"9 очередей сдано","source_url":"https://krisha.kz/complex/show/legenda/","updated_at":"2026-09-14T09:26:53+00:00"}},
{"type":"Feature","id":"krisha:levitas","geometry":{"type":"Point","coordinates":[76.844165,43.182679]},"properties":{"id":"krisha:levitas","category":"apartments","name":"ЖК Levitas","builder":"ABT Engineering","address":"Алматы, ул. Сейитбекова, 18г","status":"in_progress","deadline":"2022-12-31","started_at":"2022-01-01","stage_note":"2 очереди, последняя — Q4 2022","source_url":"https://krisha.kz/complex/show/almaty/levitas/","updated_at":"2026-09-14T07:49:24+00:00"}},
{"type":"Feature","id":"krisha:lifetown","geometry":{"type":"Point","coordinates":[76.926801,43.266629]},"properties":{"id":"krisha:lifetown","category":"apartments","name":"ЖК Lifetown","builder":"BI Group Юг","address":"Алматы, ул. Торекулова","status":"done","deadline":"2024-09-30","started_at":"2023-01-01","stage_note":"3 очереди сданы","source_url":"https://krisha.kz/complex/show/almaty/lifetown/","updated_at":"2026-09-14T07:47:16+00:00"}},
{"type":"Feature","id":"krisha:lororesidence","geometry":{"type":"Point","coordinates":[76.96087,43.24405]},"properties":{"id":"krisha:lororesidence","category":"apartments","name":"ЖК Loro Residence","builder":"SD Construction","address":"Алматы, Медеуский р-н, ул.Кошкунова, 4","status":"in_progress","deadline":"2024-09-30","started_at":null,"stage_note":null,"source_url":"https://krisha.kz/complex/show/almaty/lororesidence/","updated_at":"2026-09-14T07:45:32+00:00"}},
{"type":"Feature","id":"krisha:lotosterrace","geometry":{"type":"Point","coordinates":[76.870094,43.244774]},"properties":{"id":"krisha:lotosterrace","category":"apartments","name":"ЖК Lotos Terrace","builder":"Capital Invest Construction","address":"Алматы, Алмалинский р-н, ул. Варламова - ул. Карасай батыра","status":"in_progress","deadline":"2021-12-31","started_at":"2022-01-01","stage_note":null,"source_url":"https://krisha.kz/complex/show/almaty/lotosterrace/","updated_at":"2026-09-14T08:52:01+00:00"}},
{"type":"Feature","id":"krisha:lumiere","geometry":{"type":"Point","coordinates":[76.928309,43.221998]},"properties":{"id":"krisha:lumiere","category":"apartments","name":"ЖК LUMIERE","builder":"BAZIS–А","address":"Алматы, Бостандыкский р-н, просп. Аль-Фараби, западнее реки Есентай","status":"in_progress","deadline":"2026-09-30","started_at":"2022-01-01","stage_note":"5-я очередь из 5, сдача Q3 2026","source_url":"https://krisha.kz/complex/show/almaty/lumiere/","updated_at":"2026-09-14T07:47:18+00:00"}},
{"type":"Feature","id":"krisha:luxurypark","geometry":{"type":"Point","coordinates":[76.96279,43.211374]},"properties":{"id":"krisha:luxurypark","category":"apartments","name":"ЖК Luxury Park","builder":"Атриум Плюс","address":"Алматы, Медеуский р-н, ул. Тайманова, 224Б","status":"in_progress","deadline":"2022-06-30","started_at":"2023-04-01","stage_note":null,"source_url":"https://krisha.kz/complex/show/almaty/luxurypark/","updated_at":"2026-09-14T07:49:25+00:00"}},
{"type":"Feature","id":"krisha:madeira","geometry":{"type":"Point","coordinates":[76.90628,43.143731]},"properties":{"id":"krisha:madeira","category":"apartments","name":"Коттеджный городок Madeira Villas","builder":"BAAS GROUP","address":"Алматы, Бостандыкский р-н, вверх по Навои","status":"in_progress","deadline":"2023-12-31","started_at":"2023-10-01","stage_note":null,"source_url":"https://krisha.kz/complex/show/almaty/madeira/","updated_at":"2026-09-14T07:47:20+00:00"}},
{"type":"Feature","id":"krisha:madeniet","geometry":{"type":"Point","coordinates":[76.829681,43.342165]},"properties":{"id":"krisha:madeniet","category":"apartments","name":"ЖК Мадениет 1","builder":"Atrix Group","address":"Алматы, Алатауский р-н, уч.№845","status":"in_progress","deadline":"2023-06-30","started_at":"2023-10-01","stage_note":"2 очереди, последняя — Q2 2023","source_url":"https://krisha.kz/complex/show/almaty/madeniet/","updated_at":"2026-09-14T09:22:39+00:00"}},
{"type":"Feature","id":"krisha:madeniet3","geometry":{"type":"Point","coordinates":[76.82715,43.344797]},"properties":{"id":"krisha:madeniet3","category":"apartments","name":"ЖК Madeniet","builder":"KazSMU","address":"Алматы, Алатауский р-н, мкр. Мадениет","status":"in_progress","deadline":"2026-06-30","started_at":"2025-07-01","stage_note":null,"source_url":"https://krisha.kz/complex/show/almaty/madeniet3/","updated_at":"2026-09-14T07:41:59+00:00"}},
{"type":"Feature","id":"krisha:magnitalatau","geometry":{"type":"Point","coordinates":[76.807345,43.248975]},"properties":{"id":"krisha:magnitalatau","category":"apartments","name":"ЖК Magnit Alatau","builder":"IKS Group","address":"Алматы, Алатауский р-н, просп. Рыскулова – ул. Омарова","status":"in_progress","deadline":"2024-12-31","started_at":null,"stage_note":null,"source_url":"https://krisha.kz/complex/show/almaty/magnitalatau/","updated_at":"2026-09-14T07:44:13+00:00"}},
{"type":"Feature","id":"krisha:maksima-na-rajymbeka","geometry":{"type":"Point","coordinates":[76.899752,43.265766]},"properties":{"id":"krisha:maksima-na-rajymbeka","category":"apartments","name":"ЖК Максима на Райымбека","builder":"ЖСК Алматы","address":"Алматы, Жетысуский р-н, Райымбека - Павленко - Казакова","status":"in_progress","deadline":"2005-03-31","started_at":null,"stage_note":null,"source_url":"https://krisha.kz/complex/show/almaty/maksima-na-rajymbeka/","updated_at":"2026-09-14T09:35:47+00:00"}},
{"type":"Feature","id":"krisha:maksima-rezidents","geometry":{"type":"Point","coordinates":[76.959696,43.250982]},"properties":{"id":"krisha:maksima-rezidents","category":"apartments","name":"ЖК Максима Резидентс","builder":"Туркуаз Инвест","address":"Алматы, Медеуский р-н, ул. Кабанбай батыра, 51, блок А-Е – Калдаякова","status":"in_progress","deadline":"2012-03-31","started_at":null,"stage_note":null,"source_url":"https://krisha.kz/complex/show/almaty/maksima-rezidents/","updated_at":"2026-09-14T09:31:50+00:00"}},
{"type":"Feature","id":"krisha:mamyr","geometry":{"type":"Point","coordinates":[76.854914,43.214701]},"properties":{"id":"krisha:mamyr","category":"apartments","name":"ЖК Мамыр","builder":"ЖСК Алматы","address":"Алматы, Ауэзовский р-н, мкр «Мамыр-3», 17/1 (Саина — Шаляпина)","status":"in_progress","deadline":"2012-09-30","started_at":null,"stage_note":null,"source_url":"https://krisha.kz/complex/show/mamyr/","updated_at":"2026-09-14T09:31:47+00:00"}},
{"type":"Feature","id":"krisha:mangilik","geometry":{"type":"Point","coordinates":[76.901243,43.257067]},"properties":{"id":"krisha:mangilik","category":"apartments","name":"ЖК Mangilik","builder":"Sensata Group","address":"Алматы, Алмалинский р-н, ул. Ауэзова, 3г/2","status":"in_progress","deadline":"2026-09-30","started_at":"2025-07-01","stage_note":null,"source_url":"https://krisha.kz/complex/show/almaty/mangilik/","updated_at":"2026-09-14T07:42:01+00:00"}},
{"type":"Feature","id":"krisha:manhetten-29-kvartal","geometry":{"type":"Point","coordinates":[76.875819,43.243486]},"properties":{"id":"krisha:manhetten-29-kvartal","category":"apartments","name":"ЖК Манхеттен (29 квартал)","builder":"Halyk Актив","address":"Алматы, Алмалинский р-н, ул. Брусиловского, 163","status":"in_progress","deadline":"2011-03-31","started_at":null,"stage_note":null,"source_url":"https://krisha.kz/complex/show/almaty/manhetten-29-kvartal/","updated_at":"2026-09-14T09:32:02+00:00"}},
{"type":"Feature","id":"krisha:maximacity","geometry":{"type":"Point","coordinates":[76.898935,43.26378]},"properties":{"id":"krisha:maximacity","category":"apartments","name":"ЖК Maxima City","builder":"KazSMU","address":"Алматы, Жетысуский р-н, пр. Райымбека уч. 241","status":"done","deadline":"2025-12-31","started_at":"2025-07-01","stage_note":"2 очереди сданы","source_url":"https://krisha.kz/complex/show/almaty/maximacity/","updated_at":"2026-09-14T07:42:56+00:00"}},
{"type":"Feature","id":"krisha:mb-52","geometry":{"type":"Point","coordinates":[76.918032,43.260305]},"properties":{"id":"krisha:mb-52","category":"apartments","name":"ЖК МБ 52","builder":"Alto Partners","address":"Алматы, Алмалинский р-н, Муратбаева - Жибек Жолы","status":"in_progress","deadline":"2018-12-31","started_at":null,"stage_note":null,"source_url":"https://krisha.kz/complex/show/mb-52/","updated_at":"2026-09-14T09:25:45+00:00"}},
{"type":"Feature","id":"krisha:mechta-na-kazybek-bi","geometry":{"type":"Point","coordinates":[76.923359,43.255497]},"properties":{"id":"krisha:mechta-na-kazybek-bi","category":"apartments","name":"ЖК Мечта на Казыбек би","builder":"СеАй KZ","address":"Алматы, Алмалинский р-н, Казыбек Би, 125","status":"in_progress","deadline":"2014-12-31","started_at":null,"stage_note":null,"source_url":"https://krisha.kz/complex/show/mechta-na-kazybek-bi/","updated_at":"2026-09-14T09:30:32+00:00"}},
{"type":"Feature","id":"krisha:mechta-na-minina","geometry":{"type":"Point","coordinates":[76.924412,43.235266]},"properties":{"id":"krisha:mechta-na-minina","category":"apartments","name":"ЖК Мечта на Минина","builder":"СеАй KZ","address":"Алматы, Бостандыкский р-н, Минина — Маркова","status":"in_progress","deadline":"2015-03-31","started_at":null,"stage_note":null,"source_url":"https://krisha.kz/complex/show/mechta-na-minina/","updated_at":"2026-09-14T09:30:02+00:00"}},
{"type":"Feature","id":"krisha:medeu-park","geometry":{"type":"Point","coordinates":[76.96477,43.25594]},"properties":{"id":"krisha:medeu-park","category":"apartments","name":"ЖК Medeu Park","builder":"Есентай Строй","address":"Алматы, Медеуский р-н, ул .Бегалина 7, уг. ул. Толе би","status":"in_progress","deadline":"2020-06-30","started_at":null,"stage_note":null,"source_url":"https://krisha.kz/complex/show/almaty/medeu-park/","updated_at":"2026-09-14T09:23:41+00:00"}},
{"type":"Feature","id":"krisha:medeucity","geometry":{"type":"Point","coordinates":[77.008924,43.293338]},"properties":{"id":"krisha:medeucity","category":"apartments","name":"ЖК Medeu City","builder":"Domus Qazaqstan","address":"Алматы, Медеуский р-н, ул. Халиуллина, 196/1","status":"in_progress","deadline":"2022-12-31","started_at":"2022-01-01","stage_note":"2 очереди, последняя — Q4 2022","source_url":"https://krisha.kz/complex/show/almaty/medeucity/","updated_at":"2026-09-14T07:50:54+00:00"}},
{"type":"Feature","id":"krisha:mega-taujers","geometry":{"type":"Point","coordinates":[76.890746,43.199999]},"properties":{"id":"krisha:mega-taujers","category":"apartments","name":"ЖК Mega Tower Almaty","builder":"BAZIS–А","address":"Алматы, Бостандыкский р-н, ул. Абиша Кекилбайулы, 270","status":"done","deadline":"2014-09-30","started_at":null,"stage_note":null,"source_url":"https://krisha.kz/complex/show/almaty/mega-taujers/","updated_at":"2026-09-14T09:30:23+00:00"}},
{"type":"Feature","id":"krisha:megapolis","geometry":{"type":"Point","coordinates":[76.847879,43.211257]},"properties":{"id":"krisha:megapolis","category":"apartments","name":"ЖК Megapolis","builder":"Etasa Construction","address":"Алматы, Ауэзовский р-н, микрорайон Мамыр-1, 26/1","status":"done","deadline":"2022-06-30","started_at":"2022-01-01","stage_note":null,"source_url":"https://krisha.kz/complex/show/almaty/megapolis/","updated_at":"2026-09-14T07:49:27+00:00"}},
{"type":"Feature","id":"krisha:meirampark","geometry":{"type":"Point","coordinates":[76.982944,43.303458]},"properties":{"id":"krisha:meirampark","category":"apartments","name":"ЖК Meiram Park","builder":"Bereke Stroy Group","address":"Алматы, Турксибский р-н, ул. Сарыарка, 72","status":"done","deadline":"2025-06-30","started_at":"2025-07-01","stage_note":null,"source_url":"https://krisha.kz/complex/show/almaty/meirampark/","updated_at":"2026-09-14T07:43:18+00:00"}},
{"type":"Feature","id":"krisha:meken","geometry":{"type":"Point","coordinates":[76.915739,43.322518]},"properties":{"id":"krisha:meken","category":"apartments","name":"ЖК MEKEN","builder":"ТОО KAZBUILD - АСТЫК","address":"Алматы, мкр. Айнабулак, 172/9","status":"in_progress","deadline":"2022-03-31","started_at":"2022-01-01","stage_note":null,"source_url":"https://krisha.kz/complex/show/almaty/meken/","updated_at":"2026-09-14T07:49:29+00:00"}},
{"type":"Feature","id":"krisha:melody","geometry":{"type":"Point","coordinates":[76.827617,43.211336]},"properties":{"id":"krisha:melody","category":"apartments","name":"ЖК Melody","builder":"EPC Group","address":"Алматы, Наурызбайский р-н, ул. Илтипат, 49","status":"done","deadline":"2026-06-30","started_at":null,"stage_note":"4 очереди сданы","source_url":"https://krisha.kz/complex/show/almaty/melody/","updated_at":"2026-09-14T07:43:20+00:00"}},
{"type":"Feature","id":"krisha:merei","geometry":{"type":"Point","coordinates":[76.929932,43.267102]},"properties":{"id":"krisha:merei","category":"apartments","name":"ЖК MEREI","builder":"ТОО Алтын Сапа ALM","address":"Алматы, ул. Сейфуллина, 469/1 блок 1-10","status":"in_progress","deadline":"2024-09-30","started_at":"2023-10-01","stage_note":null,"source_url":"https://krisha.kz/complex/show/almaty/merei/","updated_at":"2026-09-14T07:45:34+00:00"}},
{"type":"Feature","id":"krisha:mereke","geometry":{"type":"Point","coordinates":[77.013974,43.292679]},"properties":{"id":"krisha:mereke","category":"apartments","name":"ЖК Mereke","builder":"ТОО \"ИНТЕРФИНАНС\"","address":"Алматы, Медеуский р-н, ул. Халиуллина, 196/17","status":"in_progress","deadline":"2026-09-30","started_at":null,"stage_note":"4-я очередь из 4, сдача Q3 2026","source_url":"https://krisha.kz/complex/show/almaty/mereke/","updated_at":"2026-09-14T07:45:36+00:00"}},
{"type":"Feature","id":"krisha:mereyterrace","geometry":{"type":"Point","coordinates":[76.988207,43.210025]},"properties":{"id":"krisha:mereyterrace","category":"apartments","name":"ЖК Merey Terrace","builder":"Magnet Construction","address":"Алматы, Медеуский р-н, мкр. Юбилейный, ул. Кайсенова","status":"in_progress","deadline":"2021-06-30","started_at":null,"stage_note":null,"source_url":"https://krisha.kz/complex/show/almaty/mereyterrace/","updated_at":"2026-09-14T08:52:03+00:00"}},
{"type":"Feature","id":"krisha:meridianapartments","geometry":{"type":"Point","coordinates":[76.932085,43.263749]},"properties":{"id":"krisha:meridianapartments","category":"apartments","name":"ЖК Meridian Apartments","builder":"Sensata Group","address":"Алматы, Алмалинский р-н, пересечение пр. Сейфуллина и ул. Макатаева","status":"in_progress","deadline":"2024-06-30","started_at":"2023-04-01","stage_note":null,"source_url":"https://krisha.kz/complex/show/almaty/meridianapartments/","updated_at":"2026-09-14T07:44:21+00:00"}},
{"type":"Feature","id":"krisha:merkur-grad","geometry":{"type":"Point","coordinates":[77.004191,43.286586]},"properties":{"id":"krisha:merkur-grad","category":"apartments","name":"ЖК Меркур Град","builder":"KazCARier ТОО","address":"Алматы, Медеуский р-н, микрорайон «Думан-2», дом 4,5,6,22,25","status":"in_progress","deadline":"2019-12-31","started_at":null,"stage_note":"4 очереди, последняя — Q4 2019","source_url":"https://krisha.kz/complex/show/almaty/merkur-grad/","updated_at":"2026-09-14T09:33:17+00:00"}},
{"type":"Feature","id":"krisha:merkur-taujers","geometry":{"type":"Point","coordinates":[76.953183,43.22759]},"properties":{"id":"krisha:merkur-taujers","category":"apartments","name":"ЖК Меркур Тауэрс","builder":"MIDDLEMAN","address":"Алматы, Медеуский р-н, мкр «Самал-3», пр. Аль-Фараби, 25 — Мендыкулова","status":"in_progress","deadline":"2006-03-31","started_at":null,"stage_note":null,"source_url":"https://krisha.kz/complex/show/almaty/merkur-taujers/","updated_at":"2026-09-14T09:35:21+00:00"}},
{"type":"Feature","id":"krisha:metropole","geometry":{"type":"Point","coordinates":[76.937085,43.226717]},"properties":{"id":"krisha:metropole","category":"apartments","name":"ЖК Metropole","builder":"BAZIS–А","address":"Алматы, Бостандыкский р-н, пр. Аль-Фараби, уч. 41","status":"done","deadline":"2023-06-30","started_at":"2022-01-01","stage_note":"3 очереди сданы","source_url":"https://krisha.kz/complex/show/almaty/metropole/","updated_at":"2026-09-14T09:23:43+00:00"}},
{"type":"Feature","id":"krisha:millenium","geometry":{"type":"Point","coordinates":[76.921477,43.193181]},"properties":{"id":"krisha:millenium","category":"apartments","name":"Клубный дом Millenium","builder":"ТОО ADS Capital","address":"Алматы, Бостандыкский р-н, ул. Жангир Хана, 25","status":"in_progress","deadline":"2025-12-31","started_at":null,"stage_note":null,"source_url":"https://krisha.kz/complex/show/almaty/millenium/","updated_at":"2026-09-14T07:43:23+00:00"}},
{"type":"Feature","id":"krisha:milleniumpark","geometry":{"type":"Point","coordinates":[76.901961,43.260037]},"properties":{"id":"krisha:milleniumpark","category":"apartments","name":"ЖК M. Park","builder":"Monumental Building","address":"Алматы, Алмалинский р-н, ул. Ауэзова, 2/4","status":"in_progress","deadline":"2026-09-30","started_at":"2023-04-01","stage_note":"2-я очередь из 2, сдача Q3 2026","source_url":"https://krisha.kz/complex/show/almaty/milleniumpark/","updated_at":"2026-09-14T07:43:16+00:00"}},
{"type":"Feature","id":"krisha:miracle","geometry":{"type":"Point","coordinates":[76.929516,43.240889]},"properties":{"id":"krisha:miracle","category":"apartments","name":"ЖК Miracle","builder":"EPC Group","address":"Алматы, Бостандыкский р-н, проспект Абая, 38","status":"done","deadline":"2024-03-31","started_at":"2023-07-01","stage_note":null,"source_url":"https://krisha.kz/complex/show/almaty/miracle/","updated_at":"2026-09-14T07:45:38+00:00"}},
{"type":"Feature","id":"krisha:miras-garden-village","geometry":{"type":"Point","coordinates":[76.868349,43.185584]},"properties":{"id":"krisha:miras-garden-village","category":"apartments","name":"ЖК Miras Garden Village","builder":"Integra Engineering","address":"Алматы, Бостандыкский р-н, мкр «Мирас», 174в (выше Аль-Фараби по Аскарова)","status":"in_progress","deadline":"2017-12-31","started_at":null,"stage_note":null,"source_url":"https://krisha.kz/complex/show/miras-garden-village/","updated_at":"2026-09-14T09:27:46+00:00"}},
{"type":"Feature","id":"krisha:miras-park","geometry":{"type":"Point","coordinates":[76.875069,43.188636]},"properties":{"id":"krisha:miras-park","category":"apartments","name":"ЖК Miras Park","builder":"Halyk Active","address":"Алматы, Бостандыкский р-н, мкр. Мирас, 31","status":"done","deadline":"2016-12-31","started_at":"2022-01-01","stage_note":null,"source_url":"https://krisha.kz/complex/show/almaty/miras-park/","updated_at":"2026-09-14T09:28:58+00:00"}},
{"type":"Feature","id":"krisha:mirashills","geometry":{"type":"Point","coordinates":[76.863602,43.174317]},"properties":{"id":"krisha:mirashills","category":"apartments","name":"Коттеджный городок Miras Hills","builder":"Гранд Строй групп","address":"Алматы, Наурызбайский р-н, ул. Нажимеденова, 78","status":"in_progress","deadline":"2025-06-30","started_at":"2024-10-01","stage_note":null,"source_url":"https://krisha.kz/complex/show/almaty/mirashills/","updated_at":"2026-09-14T07:43:09+00:00"}},
{"type":"Feature","id":"krisha:mirnyy","geometry":{"type":"Point","coordinates":[76.878044,43.212071]},"properties":{"id":"krisha:mirnyy","category":"apartments","name":"ЖК Мирный","builder":"BAZIS–А","address":"Алматы, Ауэзовский р-н, ул. Сулейменова, 24а — Пятницкого","status":"in_progress","deadline":"2015-03-31","started_at":null,"stage_note":null,"source_url":"https://krisha.kz/complex/show/almaty/mirnyy/","updated_at":"2026-09-14T09:30:05+00:00"}},
{"type":"Feature","id":"krisha:mkr-aynabulak-2","geometry":{"type":"Point","coordinates":[76.916415,43.319084]},"properties":{"id":"krisha:mkr-aynabulak-2","category":"apartments","name":"ЖК Айнабулак","builder":"Центр СМР","address":"Алматы, Жетысуский р-н, ул. Жумабаева – Палладина","status":"in_progress","deadline":"2020-06-30","started_at":null,"stage_note":"3 очереди, последняя — Q2 2020","source_url":"https://krisha.kz/complex/show/mkr-aynabulak-2/","updated_at":"2026-09-14T09:26:48+00:00"}},
{"type":"Feature","id":"krisha:mkr-kulager","geometry":{"type":"Point","coordinates":[76.921551,43.304698]},"properties":{"id":"krisha:mkr-kulager","category":"apartments","name":"ЖК Мкр Кулагер","builder":"MIDDLEMAN","address":"Алматы, Жетысуский р-н, мкр «Кулагер», 1 — 91","status":"in_progress","deadline":"2007-03-31","started_at":null,"stage_note":null,"source_url":"https://krisha.kz/complex/show/almaty/mkr-kulager/","updated_at":"2026-09-14T09:34:42+00:00"}},
{"type":"Feature","id":"krisha:mkr-taugul","geometry":{"type":"Point","coordinates":[76.873278,43.207379]},"properties":{"id":"krisha:mkr-taugul","category":"apartments","name":"ЖК Мкр Таугуль","builder":"Каражат НС","address":"Алматы, Ауэзовский р-н, ул. Ладыгина, 30","status":"in_progress","deadline":"2016-03-31","started_at":null,"stage_note":null,"source_url":"https://krisha.kz/complex/show/almaty/mkr-taugul/","updated_at":"2026-09-14T09:29:01+00:00"}},
{"type":"Feature","id":"krisha:mkr-zhetysu-3","geometry":{"type":"Point","coordinates":[76.842244,43.220884]},"properties":{"id":"krisha:mkr-zhetysu-3","category":"apartments","name":"ЖК Жетысу-3","builder":"НИКО","address":"Алматы, Ауэзовский р-н, мкр. Жетысу-3, 59, 60, 61, 64, 65,66","status":"in_progress","deadline":"2010-12-31","started_at":null,"stage_note":null,"source_url":"https://krisha.kz/complex/show/almaty/mkr-zhetysu-3/","updated_at":"2026-09-14T09:32:31+00:00"}},
{"type":"Feature","id":"krisha:mkr-zhuldyz","geometry":{"type":"Point","coordinates":[76.992045,43.36243]},"properties":{"id":"krisha:mkr-zhuldyz","category":"apartments","name":"ЖК Мкр Жулдыз","builder":"ЖСК Алматы","address":"Алматы, Турксибский р-н, Жулдыз-1","status":"in_progress","deadline":"2007-03-31","started_at":null,"stage_note":null,"source_url":"https://krisha.kz/complex/show/almaty/mkr-zhuldyz/","updated_at":"2026-09-14T09:34:46+00:00"}},
{"type":"Feature","id":"krisha:mnogofunkc-zhiloy-kompleks","geometry":{"type":"Point","coordinates":[76.927448,43.259422]},"properties":{"id":"krisha:mnogofunkc-zhiloy-kompleks","category":"apartments","name":"ЖК Евразия","builder":"Евразия Строй","address":"Алматы, Алмалинский р-н, Масанчи 23/4, уг. Гоголя","status":"in_progress","deadline":"2015-12-31","started_at":"2022-01-01","stage_note":null,"source_url":"https://krisha.kz/complex/show/almaty/mnogofunkc-zhiloy-kompleks/","updated_at":"2026-09-14T09:29:52+00:00"}},
{"type":"Feature","id":"krisha:molodezhnyinatulebaeva","geometry":{"type":"Point","coordinates":[76.947102,43.260884]},"properties":{"id":"krisha:molodezhnyinatulebaeva","category":"apartments","name":"ЖК Молодежный на Тулебаева","builder":"SABA GROUP KZ","address":"Алматы, Медеуский р-н, ул. Тулебаева, 49/1","status":"in_progress","deadline":"2020-12-31","started_at":null,"stage_note":null,"source_url":"https://krisha.kz/complex/show/almaty/molodezhnyinatulebaeva/","updated_at":"2026-09-14T09:23:45+00:00"}},
{"type":"Feature","id":"krisha:molodezhnyy","geometry":{"type":"Point","coordinates":[76.935292,43.245767]},"properties":{"id":"krisha:molodezhnyy","category":"apartments","name":"ЖК Молодёжный","builder":"Темир Пром XXI","address":"Алматы, Алмалинский р-н, ул. Шевченко, 85, уг. пр. Сейфуллина","status":"in_progress","deadline":"2019-09-30","started_at":null,"stage_note":"2 очереди, последняя — Q3 2019","source_url":"https://krisha.kz/complex/show/molodezhnyy/","updated_at":"2026-09-14T09:25:04+00:00"}},
{"type":"Feature","id":"krisha:monarch","geometry":{"type":"Point","coordinates":[76.953912,43.211941]},"properties":{"id":"krisha:monarch","category":"apartments","name":"Таунхаус Monarch","builder":"ATAMURA GROUP","address":"Алматы, ул. Жамакаева, 155","status":"in_progress","deadline":"2023-09-30","started_at":"2023-10-01","stage_note":null,"source_url":"https://krisha.kz/complex/show/almaty/monarch/","updated_at":"2026-09-14T07:47:22+00:00"}},
{"type":"Feature","id":"krisha:monoluxresidence","geometry":{"type":"Point","coordinates":[76.905223,43.163984]},"properties":{"id":"krisha:monoluxresidence","category":"apartments","name":"ЖК Monolux Residence","builder":"Monolit Development","address":"Алматы, Бостандыкский р-н, микрорайон Нурлытау 14 улица, 272","status":"in_progress","deadline":"2021-03-31","started_at":null,"stage_note":null,"source_url":"https://krisha.kz/complex/show/almaty/monoluxresidence/","updated_at":"2026-09-14T08:52:05+00:00"}},
{"type":"Feature","id":"krisha:montblanc","geometry":{"type":"Point","coordinates":[76.927188,43.195583]},"properties":{"id":"krisha:montblanc","category":"apartments","name":"ЖК MontBlanc","builder":"NB Holding","address":"Алматы, Бостандыкский р-н, Ремизовка","status":"in_progress","deadline":"2023-12-31","started_at":"2022-01-01","stage_note":null,"source_url":"https://krisha.kz/complex/show/almaty/montblanc/","updated_at":"2026-09-14T07:46:37+00:00"}},
{"type":"Feature","id":"krisha:moskva","geometry":{"type":"Point","coordinates":[76.867518,43.229746]},"properties":{"id":"krisha:moskva","category":"apartments","name":"ЖК Moskva","builder":"NOVEC","address":"Алматы, Ауэзовский р-н, 8 микрорайон, 41/6","status":"in_progress","deadline":"2018-12-31","started_at":null,"stage_note":null,"source_url":"https://krisha.kz/complex/show/almaty/moskva/","updated_at":"2026-09-14T09:26:58+00:00"}},
{"type":"Feature","id":"krisha:mountaindrive","geometry":{"type":"Point","coordinates":[76.920015,43.19308]},"properties":{"id":"krisha:mountaindrive","category":"apartments","name":"ЖК Mountain Drive","builder":"ТОО «Науан Корп»","address":"Алматы, Бостандыкский р-н, мкр. Ерменсай, 71/4","status":"in_progress","deadline":"2019-03-31","started_at":null,"stage_note":null,"source_url":"https://krisha.kz/complex/show/almaty/mountaindrive/","updated_at":"2026-09-14T09:24:38+00:00"}},
{"type":"Feature","id":"krisha:mountainpark","geometry":{"type":"Point","coordinates":[76.919414,43.186734]},"properties":{"id":"krisha:mountainpark","category":"apartments","name":"ЖК Mountain Park","builder":"R.S. Building Construction","address":"Алматы, мкр Ерменсай, ул. Талапты, 34/1 к1","status":"in_progress","deadline":"2021-09-30","started_at":"2022-01-01","stage_note":null,"source_url":"https://krisha.kz/complex/show/almaty/mountainpark/","updated_at":"2026-09-14T08:52:07+00:00"}},
{"type":"Feature","id":"krisha:mountainresort","geometry":{"type":"Point","coordinates":[76.908062,43.168163]},"properties":{"id":"krisha:mountainresort","category":"apartments","name":"ЖК Mountain Resort","builder":"Курылыс Алатау А","address":"Алматы, Бостандыкский р-н, ул. Газиза Жубанова, 61","status":"in_progress","deadline":"2020-12-31","started_at":"2022-01-01","stage_note":"2 очереди, последняя — Q4 2020","source_url":"https://krisha.kz/complex/show/almaty/mountainresort/","updated_at":"2026-09-14T09:25:07+00:00"}},
{"type":"Feature","id":"krisha:mountainvilla","geometry":{"type":"Point","coordinates":[76.919551,43.168713]},"properties":{"id":"krisha:mountainvilla","category":"apartments","name":"Таунхаус Mountain Villa","builder":"ТОО ART StroyService","address":"Алматы, Бостандыкский р-н, ул. Алатау, 72","status":"in_progress","deadline":"2022-12-31","started_at":"2022-01-01","stage_note":null,"source_url":"https://krisha.kz/complex/show/almaty/mountainvilla/","updated_at":"2026-09-14T07:49:31+00:00"}},
{"type":"Feature","id":"krisha:munartau","geometry":{"type":"Point","coordinates":[76.855175,43.191436]},"properties":{"id":"krisha:munartau","category":"apartments","name":"ЖК Munar Tau","builder":"ТОО Integra Construction KZ","address":"Алматы, Наурызбайский р-н, ул. Сейдимбек, 102/2","status":"done","deadline":"2025-12-31","started_at":"2023-04-01","stage_note":"2 очереди сданы","source_url":"https://krisha.kz/complex/show/almaty/munartau/","updated_at":"2026-09-14T07:40:10+00:00"}},
{"type":"Feature","id":"krisha:mzhk-po-ul-isaeva-125","geometry":{"type":"Point","coordinates":[76.907801,43.249699]},"properties":{"id":"krisha:mzhk-po-ul-isaeva-125","category":"apartments","name":"МЖК по ул. Исаева","builder":"ТОО София Строй","address":"Алматы, Алмалинский р-н, ул. Исаева - 125","status":"in_progress","deadline":"2017-12-31","started_at":null,"stage_note":null,"source_url":"https://krisha.kz/complex/show/mzhk-po-ul-isaeva-125/","updated_at":"2026-09-14T09:27:56+00:00"}},
{"type":"Feature","id":"krisha:na-ladygina","geometry":{"type":"Point","coordinates":[76.873565,43.207193]},"properties":{"id":"krisha:na-ladygina","category":"apartments","name":"ЖК На Ладыгина","builder":"КУШ-ҚУАТ Wt ТОО","address":"Алматы, Ауэзовский р-н, ул. Ладыгина, 30","status":"in_progress","deadline":"2015-06-30","started_at":null,"stage_note":null,"source_url":"https://krisha.kz/complex/show/almaty/na-ladygina/","updated_at":"2026-09-14T09:30:01+00:00"}},
{"type":"Feature","id":"krisha:na-utegen-batyra","geometry":{"type":"Point","coordinates":[76.85633,43.240733]},"properties":{"id":"krisha:na-utegen-batyra","category":"apartments","name":"ЖК UTEGEN","builder":"MIDDLEMAN","address":"Алматы, Ауэзовский р-н, ул. Утеген батыра, 17б – Толе би","status":"in_progress","deadline":"2018-09-30","started_at":null,"stage_note":"2 очереди, последняя — Q3 2018","source_url":"https://krisha.kz/complex/show/almaty/na-utegen-batyra/","updated_at":"2026-09-14T09:29:14+00:00"}},
{"type":"Feature","id":"krisha:nabokeyeva","geometry":{"type":"Point","coordinates":[76.88512,43.259071]},"properties":{"id":"krisha:nabokeyeva","category":"apartments","name":"ЖК На Бокеева","builder":"ПКС акимата Алматы","address":"Алматы, Алатауский р-н, ул. Бокеева, 1а","status":"in_progress","deadline":"2018-12-31","started_at":null,"stage_note":null,"source_url":"https://krisha.kz/complex/show/almaty/nabokeyeva/","updated_at":"2026-09-14T09:26:12+00:00"}},
{"type":"Feature","id":"krisha:nachaitkovskogo","geometry":{"type":"Point","coordinates":[76.93924,43.242543]},"properties":{"id":"krisha:nachaitkovskogo","category":"apartments","name":"Клубный дом на Чайковского","builder":"BAZIS–А","address":"Алматы, Алмалинский р-н, ул. Чайковского, 149","status":"in_progress","deadline":"2013-12-31","started_at":null,"stage_note":null,"source_url":"https://krisha.kz/complex/show/almaty/nachaitkovskogo/","updated_at":"2026-09-14T09:31:04+00:00"}},
{"type":"Feature","id":"krisha:nadunayevskogo","geometry":{"type":"Point","coordinates":[76.906691,43.205793]},"properties":{"id":"krisha:nadunayevskogo","category":"apartments","name":"ЖК На Дунаевского","builder":"ИП Застройщик","address":"Алматы, Бостандыкский р-н, ул. Жарокова, 284/3","status":"in_progress","deadline":"2018-12-31","started_at":null,"stage_note":null,"source_url":"https://krisha.kz/complex/show/almaty/nadunayevskogo/","updated_at":"2026-09-14T09:26:25+00:00"}},
{"type":"Feature","id":"krisha:nahimova16","geometry":{"type":"Point","coordinates":[76.936193,43.225101]},"properties":{"id":"krisha:nahimova16","category":"apartments","name":"ЖК на Нахимова, 16","builder":"МАК Алматыгорстрой","address":"Алматы, Бостандыкский р-н, ул. Нахимова, 16","status":"in_progress","deadline":"2015-12-31","started_at":null,"stage_note":null,"source_url":"https://krisha.kz/complex/show/almaty/nahimova16/","updated_at":"2026-09-14T09:29:23+00:00"}},
{"type":"Feature","id":"krisha:naluganskogo86","geometry":{"type":"Point","coordinates":[76.966559,43.228406]},"properties":{"id":"krisha:naluganskogo86","category":"apartments","name":"ЖК на ул. Луганского, 86","builder":"ИП Застройщик","address":"Алматы, Медеуский р-н, ул. Луганского, 86","status":"in_progress","deadline":"2018-12-31","started_at":null,"stage_note":null,"source_url":"https://krisha.kz/complex/show/almaty/naluganskogo86/","updated_at":"2026-09-14T09:25:49+00:00"}},
{"type":"Feature","id":"krisha:nasledie","geometry":{"type":"Point","coordinates":[76.892574,43.231936]},"properties":{"id":"krisha:nasledie","category":"apartments","name":"ЖК Наследие","builder":"ТОО \"ИНТЕРФИНАНС\"","address":"Алматы, Бостандыкский р-н, ул. Радостовца, 169","status":"in_progress","deadline":"2025-12-31","started_at":"2025-07-01","stage_note":null,"source_url":"https://krisha.kz/complex/show/almaty/nasledie/","updated_at":"2026-09-14T07:43:26+00:00"}},
{"type":"Feature","id":"krisha:natashkentskoi","geometry":{"type":"Point","coordinates":[76.902505,43.262813]},"properties":{"id":"krisha:natashkentskoi","category":"apartments","name":"ЖК на Ташкентской","builder":"TS Com","address":"Алматы, Алмалинский р-н, просп. Райымбека, 206/12","status":"in_progress","deadline":"2019-12-31","started_at":null,"stage_note":null,"source_url":"https://krisha.kz/complex/show/almaty/natashkentskoi/","updated_at":"2026-09-14T09:25:33+00:00"}},
{"type":"Feature","id":"krisha:nauryz","geometry":{"type":"Point","coordinates":[76.909791,43.19492]},"properties":{"id":"krisha:nauryz","category":"apartments","name":"ЖК Наурыз","builder":"Сэт Жол Technologies","address":"Алматы, Бостандыкский р-н, ул. Рахмадиева, 2/1-7","status":"in_progress","deadline":"2016-09-30","started_at":"2022-01-01","stage_note":"2 очереди, последняя — Q3 2016","source_url":"https://krisha.kz/complex/show/almaty/nauryz/","updated_at":"2026-09-14T09:31:51+00:00"}},
{"type":"Feature","id":"krisha:nauryz-pr","geometry":{"type":"Point","coordinates":[76.908701,43.194155]},"properties":{"id":"krisha:nauryz-pr","category":"apartments","name":"ЖК Наурыз-2","builder":"Сэт Жол","address":"Алматы, Бостандыкский р-н, мкр. Алатау, Наурыз-2, 15-27","status":"in_progress","deadline":"2012-03-31","started_at":null,"stage_note":null,"source_url":"https://krisha.kz/complex/show/almaty/nauryz-pr/","updated_at":"2026-09-14T09:31:24+00:00"}},
{"type":"Feature","id":"krisha:navoi","geometry":{"type":"Point","coordinates":[76.880121,43.218298]},"properties":{"id":"krisha:navoi","category":"apartments","name":"ЖК Науаи","builder":"Halyk Актив","address":"Алматы, ул. Навои, 7, 37","status":"in_progress","deadline":"2008-03-31","started_at":null,"stage_note":null,"source_url":"https://krisha.kz/complex/show/almaty/navoi/","updated_at":"2026-09-14T09:34:15+00:00"}},
{"type":"Feature","id":"krisha:navoi3","geometry":{"type":"Point","coordinates":[76.880843,43.215347]},"properties":{"id":"krisha:navoi3","category":"apartments","name":"ЖК Navoi 3.0","builder":"Рамс Казахстан","address":"Алматы, Ауэзовский р-н, Ул. Навои 9/1","status":"done","deadline":"2024-03-31","started_at":"2022-01-01","stage_note":"2 очереди сданы","source_url":"https://krisha.kz/complex/show/almaty/navoi3/","updated_at":"2026-09-14T07:46:08+00:00"}},
{"type":"Feature","id":"krisha:nazhamakayeva","geometry":{"type":"Point","coordinates":[76.953721,43.208293]},"properties":{"id":"krisha:nazhamakayeva","category":"apartments","name":"Клубный дом на Жамакаева","builder":"Atrix Group","address":"Алматы, Медеуский р-н, ул. Жамакаева, 254/4","status":"in_progress","deadline":"2025-12-31","started_at":"2023-04-01","stage_note":null,"source_url":"https://krisha.kz/complex/show/almaty/nazhamakayeva/","updated_at":"2026-09-14T07:46:05+00:00"}},
{"type":"Feature","id":"krisha:nefuptown","geometry":{"type":"Point","coordinates":[76.866314,43.181545]},"properties":{"id":"krisha:nefuptown","category":"apartments","name":"ЖК Nef Uptown","builder":"Nef","address":"Алматы, Наурызбайский р-н, ул. Култобе, 24/1-24/10","status":"in_progress","deadline":"2023-09-30","started_at":"2023-04-01","stage_note":"2 очереди, последняя — Q3 2023","source_url":"https://krisha.kz/complex/show/almaty/nefuptown/","updated_at":"2026-09-14T07:49:34+00:00"}},
{"type":"Feature","id":"krisha:neopark","geometry":{"type":"Point","coordinates":[76.80693,43.251315]},"properties":{"id":"krisha:neopark","category":"apartments","name":"ЖК NEOPARK","builder":"BAZIS–А","address":"Алматы, Алатауский р-н, ул. Ботакоз, 5","status":"in_progress","deadline":"2027-09-30","started_at":"2025-07-01","stage_note":null,"source_url":"https://krisha.kz/complex/show/almaty/neopark/","updated_at":"2026-09-14T07:41:10+00:00"}},
{"type":"Feature","id":"krisha:nestgrand","geometry":{"type":"Point","coordinates":[76.855073,43.212024]},"properties":{"id":"krisha:nestgrand","category":"apartments","name":"ЖК Nest Grand","builder":"Nest Stroy","address":"Алматы, Ауэзовский р-н, мкр. Астана, 1/18","status":"done","deadline":"2021-12-31","started_at":"2022-01-01","stage_note":null,"source_url":"https://krisha.kz/complex/show/almaty/nestgrand/","updated_at":"2026-09-14T08:51:48+00:00"}},
{"type":"Feature","id":"krisha:newlife","geometry":{"type":"Point","coordinates":[76.862965,43.252764]},"properties":{"id":"krisha:newlife","category":"apartments","name":"ЖК New Life","builder":"Qazaqstroy","address":"Алматы, Ауэзовский р-н, проспект Райымбека, 348/1","status":"in_progress","deadline":"2024-06-30","started_at":"2023-07-01","stage_note":null,"source_url":"https://krisha.kz/complex/show/almaty/newlife/","updated_at":"2026-09-14T07:45:30+00:00"}},
{"type":"Feature","id":"krisha:niko-2-na-tole-bi-abdulinyh","geometry":{"type":"Point","coordinates":[76.960915,43.255717]},"properties":{"id":"krisha:niko-2-na-tole-bi-abdulinyh","category":"apartments","name":"ЖК НИКО 2 на Толе би — Абдулиных","builder":"НИКО","address":"Алматы, Медеуский р-н, ул. Абдуллиных, 56 – Толе би","status":"in_progress","deadline":"2008-09-30","started_at":null,"stage_note":null,"source_url":"https://krisha.kz/complex/show/niko-2-na-tole-bi-abdulinyh/","updated_at":"2026-09-14T09:33:33+00:00"}},
{"type":"Feature","id":"krisha:niko-na-satpaeva-luganskogo","geometry":{"type":"Point","coordinates":[76.959921,43.240003]},"properties":{"id":"krisha:niko-na-satpaeva-luganskogo","category":"apartments","name":"ЖК НИКО на Сатпаева - Луганского","builder":"НИКО","address":"Алматы, Медеуский р-н, ул. Луганского, 5","status":"in_progress","deadline":"2004-06-30","started_at":null,"stage_note":null,"source_url":"https://krisha.kz/complex/show/almaty/niko-na-satpaeva-luganskogo/","updated_at":"2026-09-14T09:36:31+00:00"}},
{"type":"Feature","id":"krisha:niko-na-toktabaeva-navoi","geometry":{"type":"Point","coordinates":[76.879927,43.212117]},"properties":{"id":"krisha:niko-na-toktabaeva-navoi","category":"apartments","name":"ЖК НИКО на Токтабаева - Навои","builder":"НИКО","address":"Алматы, Ауэзовский р-н, ул. Токтабаева, 9, 11, 13 Навои","status":"in_progress","deadline":"2006-06-30","started_at":null,"stage_note":null,"source_url":"https://krisha.kz/complex/show/almaty/niko-na-toktabaeva-navoi/","updated_at":"2026-09-14T09:35:22+00:00"}},
{"type":"Feature","id":"krisha:niko-na-tole-bi-abdulinyh","geometry":{"type":"Point","coordinates":[76.96079,43.255105]},"properties":{"id":"krisha:niko-na-tole-bi-abdulinyh","category":"apartments","name":"ЖК НИКО на Толе би - Абдулиных","builder":"НИКО","address":"Алматы, Медеуский р-н, ул. Абдуллиных, 56 – Толе би","status":"in_progress","deadline":"2005-06-30","started_at":null,"stage_note":null,"source_url":"https://krisha.kz/complex/show/almaty/niko-na-tole-bi-abdulinyh/","updated_at":"2026-09-14T09:35:40+00:00"}},
{"type":"Feature","id":"krisha:niko-na-tole-bi-momyshuly","geometry":{"type":"Point","coordinates":[76.825749,43.240312]},"properties":{"id":"krisha:niko-na-tole-bi-momyshuly","category":"apartments","name":"ЖК НИКО на Толе би — Момышулы","builder":"НИКО","address":"Алматы, Ауэзовский р-н, Толе би — Момышулы","status":"in_progress","deadline":"2004-03-31","started_at":null,"stage_note":null,"source_url":"https://krisha.kz/complex/show/almaty/niko-na-tole-bi-momyshuly/","updated_at":"2026-09-14T09:36:21+00:00"}},
{"type":"Feature","id":"krisha:niko-po-momyshuly-raimbeka","geometry":{"type":"Point","coordinates":[76.824517,43.2419]},"properties":{"id":"krisha:niko-po-momyshuly-raimbeka","category":"apartments","name":"ЖК НИКО по Момышулы - Райымбека","builder":"НИКО","address":"Алматы, Ауэзовский р-н, мкр. Аксай 1а, д. 32","status":"in_progress","deadline":"2008-12-31","started_at":null,"stage_note":null,"source_url":"https://krisha.kz/complex/show/almaty/niko-po-momyshuly-raimbeka/","updated_at":"2026-09-14T09:34:11+00:00"}},
{"type":"Feature","id":"krisha:noblehouse","geometry":{"type":"Point","coordinates":[76.924167,43.183945]},"properties":{"id":"krisha:noblehouse","category":"apartments","name":"ЖК Noble House","builder":"ТОО \"TENACITY\"","address":"Алматы, Бостандыкский р-н, ул. Торангы, 55","status":"done","deadline":"2026-03-31","started_at":"2024-10-01","stage_note":null,"source_url":"https://krisha.kz/complex/show/almaty/noblehouse/","updated_at":"2026-09-14T07:40:13+00:00"}},
{"type":"Feature","id":"krisha:nomad","geometry":{"type":"Point","coordinates":[76.897559,43.252021]},"properties":{"id":"krisha:nomad","category":"apartments","name":"ЖК Nomad","builder":"Рамс Казахстан","address":"Алматы, Алмалинский р-н, ул. Толе би, 189/3 стр","status":"in_progress","deadline":"2020-12-31","started_at":"2022-01-01","stage_note":null,"source_url":"https://krisha.kz/complex/show/almaty/nomad/","updated_at":"2026-09-14T09:23:46+00:00"}},
{"type":"Feature","id":"krisha:nomad2","geometry":{"type":"Point","coordinates":[76.897382,43.251796]},"properties":{"id":"krisha:nomad2","category":"apartments","name":"ЖК Nomad 2","builder":"Рамс Казахстан","address":"Алматы, Алмалинский р-н, ул. Толе би - ул. Гагарина","status":"done","deadline":"2023-06-30","started_at":"2022-01-01","stage_note":null,"source_url":"https://krisha.kz/complex/show/almaty/nomad2/","updated_at":"2026-09-14T07:46:12+00:00"}},
{"type":"Feature","id":"krisha:nomadcity","geometry":{"type":"Point","coordinates":[77.013599,43.325423]},"properties":{"id":"krisha:nomadcity","category":"apartments","name":"ЖК Nomad City","builder":"Myntas Stroy","address":"Алматы, Турксибский р-н, мкр. Кайрат, 151/1,152/1","status":"in_progress","deadline":"2023-09-30","started_at":"2022-01-01","stage_note":"4 очереди, последняя — Q3 2023","source_url":"https://krisha.kz/complex/show/almaty/nomadcity/","updated_at":"2026-09-14T09:24:34+00:00"}},
{"type":"Feature","id":"krisha:nostalzhi","geometry":{"type":"Point","coordinates":[76.933233,43.246879]},"properties":{"id":"krisha:nostalzhi","category":"apartments","name":"ЖК Ностальжи","builder":"EMI","address":"Алматы, Алмалинский р-н, пр. Сейфуллина, 575 — Жамбыла","status":"in_progress","deadline":"2006-03-31","started_at":null,"stage_note":null,"source_url":"https://krisha.kz/complex/show/almaty/nostalzhi/","updated_at":"2026-09-14T09:35:28+00:00"}},
{"type":"Feature","id":"krisha:nova","geometry":{"type":"Point","coordinates":[76.878905,43.209904]},"properties":{"id":"krisha:nova","category":"apartments","name":"ЖК NOVA","builder":"DAIMOND SOLUTIONS GROUP","address":"Алматы, ул.Сулейменова","status":"in_progress","deadline":"2028-06-30","started_at":null,"stage_note":null,"source_url":"https://krisha.kz/complex/show/almaty/nova/","updated_at":"2026-09-14T07:41:00+00:00"}},
{"type":"Feature","id":"krisha:novella","geometry":{"type":"Point","coordinates":[76.911732,43.247081]},"properties":{"id":"krisha:novella","category":"apartments","name":"ЖК Novella","builder":"SHEBERGROUP","address":"Алматы, Алмалинский р-н, ул. Кабанбай Батыра, 223/161","status":"in_progress","deadline":"2019-12-31","started_at":null,"stage_note":null,"source_url":"https://krisha.kz/complex/show/almaty/novella/","updated_at":"2026-09-14T09:25:09+00:00"}},
{"type":"Feature","id":"krisha:novyj-mir-kg","geometry":{"type":"Point","coordinates":[76.955791,43.227033]},"properties":{"id":"krisha:novyj-mir-kg","category":"apartments","name":"Коттеджный городок Новый мир","builder":"BAZIS–А","address":"Алматы, Медеуский р-н, мкр «Самал-3», дом 24/1 — 36/4","status":"in_progress","deadline":"2004-03-31","started_at":null,"stage_note":null,"source_url":"https://krisha.kz/complex/show/almaty/novyj-mir-kg/","updated_at":"2026-09-14T09:36:33+00:00"}},
{"type":"Feature","id":"krisha:novyj-mir-na-radostovca-utepov","geometry":{"type":"Point","coordinates":[76.893931,43.217291]},"properties":{"id":"krisha:novyj-mir-na-radostovca-utepov","category":"apartments","name":"ЖК Новый Мир на Радостовца - Утепова","builder":"ЖСК Алматы","address":"Алматы, Бостандыкский р-н, ул. Розыбакиева, 250Б - ул. Радостовца, 255","status":"in_progress","deadline":"2009-03-31","started_at":null,"stage_note":null,"source_url":"https://krisha.kz/complex/show/almaty/novyj-mir-na-radostovca-utepov/","updated_at":"2026-09-14T09:33:26+00:00"}},
{"type":"Feature","id":"krisha:ns-towers","geometry":{"type":"Point","coordinates":[76.939114,43.228017]},"properties":{"id":"krisha:ns-towers","category":"apartments","name":"ЖК NS–Tau","builder":"NS-курылыс","address":"Алматы, Бостандыкский р-н, ул. Сейфуллина, 580 – Аль-Фараби","status":"in_progress","deadline":"2016-09-30","started_at":null,"stage_note":null,"source_url":"https://krisha.kz/complex/show/ns-towers/","updated_at":"2026-09-14T09:29:03+00:00"}},
{"type":"Feature","id":"krisha:nur-tobe","geometry":{"type":"Point","coordinates":[76.971685,43.195334]},"properties":{"id":"krisha:nur-tobe","category":"apartments","name":"ЖК Нур Тобе","builder":"Имсталькон","address":"Алматы, Медеуский р-н, ул. Оспанова, 69/2","status":"in_progress","deadline":"2014-12-31","started_at":null,"stage_note":null,"source_url":"https://krisha.kz/complex/show/nur-tobe/","updated_at":"2026-09-14T09:30:51+00:00"}},
{"type":"Feature","id":"krisha:nurayresidence","geometry":{"type":"Point","coordinates":[76.936097,43.245258]},"properties":{"id":"krisha:nurayresidence","category":"apartments","name":"ЖК Nur-Ay Residence","builder":"DIAL GROUP","address":"Алматы, Алмалинский р-н, ул. Шевченко - ул. Наурызбай Батыра","status":"in_progress","deadline":"2022-06-30","started_at":"2022-01-01","stage_note":"2 очереди, последняя — Q2 2022","source_url":"https://krisha.kz/complex/show/almaty/nurayresidence/","updated_at":"2026-09-14T07:48:07+00:00"}},
{"type":"Feature","id":"krisha:nurkent","geometry":{"type":"Point","coordinates":[76.818288,43.254389]},"properties":{"id":"krisha:nurkent","category":"apartments","name":"ЖК Нуркент","builder":"Артемида ЛТД","address":"Алматы, Алатауский р-н, Алгабас-1, 65 (Рыскулова – Момышулы)","status":"in_progress","deadline":"2018-09-30","started_at":null,"stage_note":null,"source_url":"https://krisha.kz/complex/show/astana/nurkent/","updated_at":"2026-09-14T09:26:59+00:00"}},
{"type":"Feature","id":"krisha:nurlitauhills","geometry":{"type":"Point","coordinates":[76.906031,43.161234]},"properties":{"id":"krisha:nurlitauhills","category":"apartments","name":"ЖК Nurlitau Hills","builder":"Diamond Hills","address":"Алматы, Бостандыкский р-н, ул. 23-я, 8, 8/2-4","status":"in_progress","deadline":"2019-12-31","started_at":null,"stage_note":null,"source_url":"https://krisha.kz/complex/show/almaty/nurlitauhills/","updated_at":"2026-09-14T09:24:54+00:00"}},
{"type":"Feature","id":"krisha:nurly-tau","geometry":{"type":"Point","coordinates":[76.946978,43.230162]},"properties":{"id":"krisha:nurly-tau","category":"apartments","name":"ЖК Нурлы Тау","builder":"BAZIS–А","address":"Алматы, Бостандыкский р-н, пр. Аль-Фараби, 7 к4а, к5а – Козыбаева","status":"in_progress","deadline":"2010-09-30","started_at":null,"stage_note":null,"source_url":"https://krisha.kz/complex/show/almaty/nurly-tau/","updated_at":"2026-09-14T09:32:44+00:00"}},
{"type":"Feature","id":"krisha:nurlydala","geometry":{"type":"Point","coordinates":[76.78098,43.230469]},"properties":{"id":"krisha:nurlydala","category":"apartments","name":"ЖК Nurly Dala","builder":"ТОО «Строй Комфорт Девелопмент»","address":"Алматы, Наурызбайский р-н, ул. Райымбека - ул. Жуалы","status":"done","deadline":"2023-12-31","started_at":"2022-01-01","stage_note":"4 очереди сданы","source_url":"https://krisha.kz/complex/show/almaty/nurlydala/","updated_at":"2026-09-14T09:23:04+00:00"}},
{"type":"Feature","id":"krisha:nurlydala2","geometry":{"type":"Point","coordinates":[76.783372,43.230324]},"properties":{"id":"krisha:nurlydala2","category":"apartments","name":"ЖК Nurly Dala 2","builder":"ТОО «Строй Комфорт Девелопмент»","address":"Алматы, Наурызбайский р-н, ул. Райымбек, 590/15,16,14","status":"in_progress","deadline":"2026-03-31","started_at":"2025-07-01","stage_note":"3 очереди, последняя — Q1 2026","source_url":"https://krisha.kz/complex/show/almaty/nurlydala2/","updated_at":"2026-09-14T07:44:00+00:00"}},
{"type":"Feature","id":"krisha:ojet","geometry":{"type":"Point","coordinates":[76.89969,43.314266]},"properties":{"id":"krisha:ojet","category":"apartments","name":"ЖК Ojet","builder":"SHEBERGROUP","address":"Алматы, Алатауский р-н, ул. Северное Кольцо, 93/2","status":"in_progress","deadline":"2022-03-31","started_at":"2022-01-01","stage_note":null,"source_url":"https://krisha.kz/complex/show/almaty/ojet/","updated_at":"2026-09-14T08:52:09+00:00"}},
{"type":"Feature","id":"krisha:oldbazis","geometry":{"type":"Point","coordinates":[76.940887,43.233583]},"properties":{"id":"krisha:oldbazis","category":"apartments","name":"ЖК Олд Базис","builder":"BAZIS–А","address":"Алматы, Бостандыкский р-н, ул. Тимирязева, 2а-в","status":"in_progress","deadline":"2001-12-31","started_at":null,"stage_note":null,"source_url":"https://krisha.kz/complex/show/almaty/oldbazis/","updated_at":"2026-09-14T09:36:51+00:00"}},
{"type":"Feature","id":"krisha:olimp","geometry":{"type":"Point","coordinates":[76.911645,43.20015]},"properties":{"id":"krisha:olimp","category":"apartments","name":"ЖК Олимп","builder":"Олимп","address":"Алматы, Бостандыкский р-н, мкр “Баганашыл”, ул. Водопроводная, 7/2","status":"in_progress","deadline":"2009-06-30","started_at":null,"stage_note":null,"source_url":"https://krisha.kz/complex/show/almaty/olimp/","updated_at":"2026-09-14T09:33:28+00:00"}},
{"type":"Feature","id":"krisha:olympicpark","geometry":{"type":"Point","coordinates":[76.815537,43.253077]},"properties":{"id":"krisha:olympicpark","category":"apartments","name":"ЖК OLYMPIC PARK","builder":"Sensata Group","address":"Алматы, Алатауский р-н, ул. Турара Рыскулова, 2Б/1","status":"in_progress","deadline":"2026-09-30","started_at":"2025-07-01","stage_note":null,"source_url":"https://krisha.kz/complex/show/almaty/olympicpark/","updated_at":"2026-09-14T07:43:27+00:00"}},
{"type":"Feature","id":"krisha:olympresidence","geometry":{"type":"Point","coordinates":[76.966278,43.189843]},"properties":{"id":"krisha:olympresidence","category":"apartments","name":"ЖК Olymp Residence","builder":"Karpat Group","address":"Алматы, Медеуский р-н, ул. Олимпийская, 9","status":"in_progress","deadline":"2017-12-31","started_at":null,"stage_note":null,"source_url":"https://krisha.kz/complex/show/almaty/olympresidence/","updated_at":"2026-09-14T09:28:15+00:00"}},
{"type":"Feature","id":"krisha:oner","geometry":{"type":"Point","coordinates":[76.88368,43.239964]},"properties":{"id":"krisha:oner","category":"apartments","name":"ЖК O'NER Towers","builder":"BI Group Юг","address":"Алматы, Алмалинский р-н, ул. Абая 165 - ул. Тургут Озала, 194","status":"done","deadline":"2024-09-30","started_at":"2022-01-01","stage_note":"2 очереди сданы","source_url":"https://krisha.kz/complex/show/almaty/oner/","updated_at":"2026-09-14T07:49:36+00:00"}},
{"type":"Feature","id":"krisha:oner1","geometry":{"type":"Point","coordinates":[76.883672,43.23985]},"properties":{"id":"krisha:oner1","category":"apartments","name":"ЖК O'NER","builder":"BI Group Юг","address":"Алматы, Алмалинский р-н, ул. Тургут Озала, 194","status":"done","deadline":"2023-09-30","started_at":null,"stage_note":"2 очереди сданы","source_url":"https://krisha.kz/complex/show/almaty/oner1/","updated_at":"2026-09-14T07:49:38+00:00"}},
{"type":"Feature","id":"krisha:opera","geometry":{"type":"Point","coordinates":[76.841683,43.23019]},"properties":{"id":"krisha:opera","category":"apartments","name":"ЖК Opera","builder":"NOVEC","address":"Алматы, Ауэзовский р-н, Мкр. Аксай-4, дом 119, 119а","status":"in_progress","deadline":"2019-06-30","started_at":null,"stage_note":null,"source_url":"https://krisha.kz/complex/show/almaty/opera/","updated_at":"2026-09-14T09:31:54+00:00"}},
{"type":"Feature","id":"krisha:orchard-residences","geometry":{"type":"Point","coordinates":[76.982663,43.206794]},"properties":{"id":"krisha:orchard-residences","category":"apartments","name":"ЖК Orchard Residences","builder":"KUMPULAN KAZAKHSTAN","address":"Алматы, Медеуский р-н, ул. Ондасынова, 75","status":"in_progress","deadline":"2019-06-30","started_at":null,"stage_note":null,"source_url":"https://krisha.kz/complex/show/orchard-residences/","updated_at":"2026-09-14T09:25:11+00:00"}},
{"type":"Feature","id":"krisha:ordacity","geometry":{"type":"Point","coordinates":[76.782929,43.240114]},"properties":{"id":"krisha:ordacity","category":"apartments","name":"ЖК ORDA CITY","builder":"ТОО Investment Stroy","address":"Алматы, Алатауский р-н, мкр Теректы, ул Айналмалы, 183","status":"in_progress","deadline":"2023-12-31","started_at":null,"stage_note":null,"source_url":"https://krisha.kz/complex/show/almaty/ordacity/","updated_at":"2026-09-14T07:46:47+00:00"}},
{"type":"Feature","id":"krisha:orient","geometry":{"type":"Point","coordinates":[76.879088,43.206712]},"properties":{"id":"krisha:orient","category":"apartments","name":"ЖК Orient","builder":"AB Capital","address":"Алматы, Ауэзовский р-н, ул. Сулейменова, 51","status":"in_progress","deadline":"2027-09-30","started_at":null,"stage_note":null,"source_url":"https://krisha.kz/complex/show/almaty/orient/","updated_at":"2026-09-14T07:41:14+00:00"}},
{"type":"Feature","id":"krisha:orion-residence","geometry":{"type":"Point","coordinates":[76.947034,43.231498]},"properties":{"id":"krisha:orion-residence","category":"apartments","name":"ЖК Orion III","builder":"BAZIS–А","address":"Алматы, Бостандыкский р-н, ул. Аль-фараби, 15/1","status":"done","deadline":"2024-12-31","started_at":"2023-10-01","stage_note":"3 очереди сданы","source_url":"https://krisha.kz/complex/show/orion-residence/","updated_at":"2026-09-14T09:26:46+00:00"}},
{"type":"Feature","id":"krisha:orken","geometry":{"type":"Point","coordinates":[76.911674,43.20953]},"properties":{"id":"krisha:orken","category":"apartments","name":"ЖК Оркен","builder":"Ер-Ай Констракшн","address":"Алматы, Бостандыкский р-н, ул. Ходжанова, 57/5","status":"in_progress","deadline":"2020-12-31","started_at":null,"stage_note":null,"source_url":"https://krisha.kz/complex/show/almaty/orken/","updated_at":"2026-09-14T09:23:48+00:00"}},
{"type":"Feature","id":"krisha:orkendeu","geometry":{"type":"Point","coordinates":[76.89376,43.237206]},"properties":{"id":"krisha:orkendeu","category":"apartments","name":"ЖК Оркендеу","builder":"ХАЛЫК БИЛДИНГ","address":"Алматы, Бостандыкский р-н, ул. Гагарина, 133/2 - Сатпаева","status":"in_progress","deadline":"2018-12-31","started_at":"2022-01-01","stage_note":"2 очереди, последняя — Q4 2018","source_url":"https://krisha.kz/complex/show/orkendeu/","updated_at":"2026-09-14T09:30:06+00:00"}},
{"type":"Feature","id":"krisha:ortau","geometry":{"type":"Point","coordinates":[76.936728,43.236232]},"properties":{"id":"krisha:ortau","category":"apartments","name":"ЖК Ortau","builder":"Рамс Казахстан","address":"Алматы, Бостандыкский р-н, ул. Наурызбай батыра, 10, мкрн Керемет, 7/1, стр. 7/1","status":"in_progress","deadline":"2021-12-31","started_at":null,"stage_note":null,"source_url":"https://krisha.kz/complex/show/almaty/ortau/","updated_at":"2026-09-14T08:52:11+00:00"}},
{"type":"Feature","id":"krisha:oscar","geometry":{"type":"Point","coordinates":[76.95799,43.268397]},"properties":{"id":"krisha:oscar","category":"apartments","name":"ЖК Oscar","builder":"NOVEC","address":"Алматы, Медеуский р-н, ул. Баишева, 28","status":"in_progress","deadline":"2021-12-31","started_at":"2022-01-01","stage_note":null,"source_url":"https://krisha.kz/complex/show/almaty/oscar/","updated_at":"2026-09-14T09:22:12+00:00"}},
{"type":"Feature","id":"krisha:osloresidence","geometry":{"type":"Point","coordinates":[76.87685,43.207893]},"properties":{"id":"krisha:osloresidence","category":"apartments","name":"ЖК Oslo Residence","builder":"MARA GRUPPE","address":"Алматы, Ауэзовский р-н, улица Щепкина, участок 42","status":"in_progress","deadline":"2025-03-31","started_at":"2025-07-01","stage_note":null,"source_url":"https://krisha.kz/complex/show/almaty/osloresidence/","updated_at":"2026-09-14T07:43:29+00:00"}},
{"type":"Feature","id":"krisha:otau","geometry":{"type":"Point","coordinates":[76.913769,43.24598]},"properties":{"id":"krisha:otau","category":"apartments","name":"ЖК Отау","builder":"Корпорация ВЕК","address":"Алматы, Алмалинский р-н, Жумалиева – Жамбыла","status":"in_progress","deadline":"2019-09-30","started_at":null,"stage_note":"2 очереди, последняя — Q3 2019","source_url":"https://krisha.kz/complex/show/almaty/otau/","updated_at":"2026-09-14T09:25:13+00:00"}},
{"type":"Feature","id":"krisha:otrar","geometry":{"type":"Point","coordinates":[76.881957,43.21153]},"properties":{"id":"krisha:otrar","category":"apartments","name":"ЖК Отрар","builder":"ЖСК Алматы","address":"Алматы, Ауэзовский р-н, ул. Навои, 52 и 52б — Фестивальная","status":"in_progress","deadline":"2009-09-30","started_at":null,"stage_note":null,"source_url":"https://krisha.kz/complex/show/almaty/otrar/","updated_at":"2026-09-14T09:33:30+00:00"}},
{"type":"Feature","id":"krisha:ovacija","geometry":{"type":"Point","coordinates":[76.93862,43.240724]},"properties":{"id":"krisha:ovacija","category":"apartments","name":"ЖК Овация","builder":"BAZIS–А","address":"Алматы, Бостандыкский р-н, Наурызбай батыра, 152, к. А, 152, к. Б — Абая","status":"in_progress","deadline":"2004-06-30","started_at":null,"stage_note":null,"source_url":"https://krisha.kz/complex/show/almaty/ovacija/","updated_at":"2026-09-14T09:36:37+00:00"}},
{"type":"Feature","id":"krisha:ozenperknavoi","geometry":{"type":"Point","coordinates":[76.884879,43.209773]},"properties":{"id":"krisha:ozenperknavoi","category":"apartments","name":"ЖК Ozen Park Navoi","builder":"Bereke Stroy Group","address":"Алматы, Бостандыкский р-н, ул. Навои, 200","status":"done","deadline":"2023-09-30","started_at":null,"stage_note":null,"source_url":"https://krisha.kz/complex/show/almaty/ozenperknavoi/","updated_at":"2026-09-14T07:47:24+00:00"}},
{"type":"Feature","id":"krisha:ozhetplus","geometry":{"type":"Point","coordinates":[76.896672,43.313181]},"properties":{"id":"krisha:ozhetplus","category":"apartments","name":"ЖК Ozhet Plus","builder":"ТОО Асем Курылыс и Ко","address":"Алматы, Алатауский р-н, ул. Северное кольцо, 92/2","status":"in_progress","deadline":"2023-12-31","started_at":"2023-01-01","stage_note":"2 очереди, последняя — Q4 2023","source_url":"https://krisha.kz/complex/show/almaty/ozhetplus/","updated_at":"2026-09-14T07:47:28+00:00"}},
{"type":"Feature","id":"krisha:palladium","geometry":{"type":"Point","coordinates":[76.924051,43.246285]},"properties":{"id":"krisha:palladium","category":"apartments","name":"ЖК Palladium","builder":"Корпорация ВЕК","address":"Алматы, Алмалинский р-н, ул. Шевченко,109","status":"done","deadline":"2026-09-30","started_at":"2022-01-01","stage_note":"7 очередей сдано","source_url":"https://krisha.kz/complex/show/almaty/palladium/","updated_at":"2026-09-14T07:40:50+00:00"}},
{"type":"Feature","id":"krisha:panorama","geometry":{"type":"Point","coordinates":[76.867676,43.248617]},"properties":{"id":"krisha:panorama","category":"apartments","name":"ЖК Панорама","builder":"Exclusive Qurylys","address":"Алматы, Алмалинский р-н, ул. Толе би, 273/5","status":"in_progress","deadline":"2016-12-31","started_at":null,"stage_note":"2 очереди, последняя — Q4 2016","source_url":"https://krisha.kz/complex/show/panorama/","updated_at":"2026-09-14T09:29:05+00:00"}},
{"type":"Feature","id":"krisha:parasat","geometry":{"type":"Point","coordinates":[76.980552,43.297201]},"properties":{"id":"krisha:parasat","category":"apartments","name":"ЖК Parasat 2","builder":"PARASAT II","address":"Алматы, Турксибский р-н, ул. Территория ПК Кунаева, 189/1","status":"in_progress","deadline":"2027-09-30","started_at":"2022-01-01","stage_note":"4-я очередь из 4, сдача Q3 2027","source_url":"https://krisha.kz/complex/show/almaty/parasat/","updated_at":"2026-09-14T07:44:04+00:00"}},
{"type":"Feature","id":"krisha:parasat1","geometry":{"type":"Point","coordinates":[76.977131,43.296249]},"properties":{"id":"krisha:parasat1","category":"apartments","name":"ЖК Parasat","builder":"PARASAT II","address":"Алматы, Турксибский р-н, ул. Сарыарка 1, 1/1,1/2,1/3,1/4","status":"done","deadline":"2022-12-31","started_at":null,"stage_note":"3 очереди сданы","source_url":"https://krisha.kz/complex/show/almaty/parasat1/","updated_at":"2026-09-14T09:23:50+00:00"}},
{"type":"Feature","id":"krisha:park-gorkogo","geometry":{"type":"Point","coordinates":[76.9736,43.265311]},"properties":{"id":"krisha:park-gorkogo","category":"apartments","name":"ЖК Парк Горького","builder":"Саулет Курылыс ТОО","address":"Алматы, Медеуский р-н, ул. Есенберлина, 155","status":"in_progress","deadline":"2010-06-30","started_at":null,"stage_note":null,"source_url":"https://krisha.kz/complex/show/almaty/park-gorkogo/","updated_at":"2026-09-14T09:32:41+00:00"}},
{"type":"Feature","id":"krisha:park-house","geometry":{"type":"Point","coordinates":[76.866654,43.221384]},"properties":{"id":"krisha:park-house","category":"apartments","name":"ЖК Park House","builder":"Рамс Казахстан","address":"Алматы, Ауэзовский р-н, 12-й микрорайон, 22/2 (Шаляпина — Алтынсарина)","status":"in_progress","deadline":"2015-12-31","started_at":null,"stage_note":null,"source_url":"https://krisha.kz/complex/show/almaty/park-house/","updated_at":"2026-09-14T09:29:56+00:00"}},
{"type":"Feature","id":"krisha:park-rezidens","geometry":{"type":"Point","coordinates":[76.935965,43.221853]},"properties":{"id":"krisha:park-rezidens","category":"apartments","name":"ЖК Парк Резиденс","builder":"Парк Констракшн","address":"Алматы, Медеуский р-н, пр. Аль-Фараби, 100 — Шашкина","status":"in_progress","deadline":"2007-06-30","started_at":null,"stage_note":null,"source_url":"https://krisha.kz/complex/show/almaty/park-rezidens/","updated_at":"2026-09-14T09:34:51+00:00"}},
{"type":"Feature","id":"krisha:parkville","geometry":{"type":"Point","coordinates":[76.858583,43.186858]},"properties":{"id":"krisha:parkville","category":"apartments","name":"Клубный дом PARKVILLE","builder":"BAZIS–А","address":"Алматы, Наурызбайский р-н, ул. Кенесары хана, 43/7","status":"in_progress","deadline":"2029-03-31","started_at":"2025-07-01","stage_note":null,"source_url":"https://krisha.kz/complex/show/almaty/parkville/","updated_at":"2026-09-14T07:40:56+00:00"}},
{"type":"Feature","id":"krisha:pinehill","geometry":{"type":"Point","coordinates":[76.926742,43.214622]},"properties":{"id":"krisha:pinehill","category":"apartments","name":"Клубный дом Pine Hill","builder":"TOO Amadeus Hotel Group","address":"Алматы, Медеуский р-н, мкрн Ремизовка, 7-й пер., 6","status":"in_progress","deadline":"2022-03-31","started_at":"2022-01-01","stage_note":null,"source_url":"https://krisha.kz/complex/show/almaty/pinehill/","updated_at":"2026-09-14T07:49:04+00:00"}},
{"type":"Feature","id":"krisha:pioneer","geometry":{"type":"Point","coordinates":[76.829192,43.208775]},"properties":{"id":"krisha:pioneer","category":"apartments","name":"ЖК Pioneer","builder":"NOVEC","address":"Алматы, Наурызбайский р-н, ул. Илтипат, 59г","status":"in_progress","deadline":"2019-12-31","started_at":null,"stage_note":null,"source_url":"https://krisha.kz/complex/show/almaty/pioneer/","updated_at":"2026-09-14T09:25:17+00:00"}},
{"type":"Feature","id":"krisha:pioner","geometry":{"type":"Point","coordinates":[76.958917,43.236096]},"properties":{"id":"krisha:pioner","category":"apartments","name":"ЖК Пионер","builder":"ТОО СК Элитстрой","address":"Алматы, Медеуский р-н, пр. Достык 132 – Жолдасбекова","status":"in_progress","deadline":"2004-06-30","started_at":null,"stage_note":null,"source_url":"https://krisha.kz/complex/show/almaty/pioner/","updated_at":"2026-09-14T09:36:41+00:00"}},
{"type":"Feature","id":"krisha:po-shagabutdinova","geometry":{"type":"Point","coordinates":[76.921184,43.24721]},"properties":{"id":"krisha:po-shagabutdinova","category":"apartments","name":"ЖК По Шагабутдинова","builder":"ЖСК Алматы","address":"Алматы, Алмалинский р-н, Шагабутдинова, 125","status":"in_progress","deadline":"2006-03-31","started_at":null,"stage_note":null,"source_url":"https://krisha.kz/complex/show/almaty/po-shagabutdinova/","updated_at":"2026-09-14T09:35:31+00:00"}},
{"type":"Feature","id":"krisha:po-timirjazeva","geometry":{"type":"Point","coordinates":[76.940227,43.233867]},"properties":{"id":"krisha:po-timirjazeva","category":"apartments","name":"ЖК По Тимирязева","builder":"BAZIS–А","address":"Алматы, Бостандыкский р-н, ул. Тимирязева, 2а, 2б, 2в – Желтоксан","status":"in_progress","deadline":"2004-03-31","started_at":null,"stage_note":null,"source_url":"https://krisha.kz/complex/show/almaty/po-timirjazeva/","updated_at":"2026-09-14T09:36:45+00:00"}},
{"type":"Feature","id":"krisha:posolskiy","geometry":{"type":"Point","coordinates":[76.867998,43.194716]},"properties":{"id":"krisha:posolskiy","category":"apartments","name":"Клубный дом Посольский","builder":"РБТ групп","address":"Алматы, Бостандыкский р-н, ул. Мусабаева, 15","status":"done","deadline":"2023-12-31","started_at":null,"stage_note":"2 очереди сданы","source_url":"https://krisha.kz/complex/show/almaty/posolskiy/","updated_at":"2026-09-14T09:25:21+00:00"}},
{"type":"Feature","id":"krisha:premera","geometry":{"type":"Point","coordinates":[76.792912,43.223841]},"properties":{"id":"krisha:premera","category":"apartments","name":"ЖК Премьера","builder":"Жана Курылыс","address":"Алматы, Наурызбайский р-н, Мкр «Шугыла», ул. Жуалы, 1","status":"in_progress","deadline":"2012-09-30","started_at":null,"stage_note":null,"source_url":"https://krisha.kz/complex/show/almaty/premera/","updated_at":"2026-09-14T09:31:56+00:00"}},
{"type":"Feature","id":"krisha:presidentspark","geometry":{"type":"Point","coordinates":[76.883435,43.185551]},"properties":{"id":"krisha:presidentspark","category":"apartments","name":"ЖК President's Park","builder":"BI Group Юг","address":"Алматы, Бостандыкский р-н, микрорайон Мирас, уч. № 115","status":"in_progress","deadline":"2024-09-30","started_at":"2022-01-01","stage_note":"3 очереди, последняя — Q3 2024","source_url":"https://krisha.kz/complex/show/almaty/presidentspark/","updated_at":"2026-09-14T09:25:15+00:00"}},
{"type":"Feature","id":"krisha:prestizh","geometry":{"type":"Point","coordinates":[76.921806,43.233597]},"properties":{"id":"krisha:prestizh","category":"apartments","name":"ЖК Престиж","builder":"Есентай Строй","address":"Алматы, Бостандыкский р-н, ул. Бухар Жырау, 35 (Ботанический бульвар/Весновка)","status":"in_progress","deadline":"2019-06-30","started_at":null,"stage_note":null,"source_url":"https://krisha.kz/complex/show/prestizh/","updated_at":"2026-09-14T09:25:24+00:00"}},
{"type":"Feature","id":"krisha:primavera","geometry":{"type":"Point","coordinates":[76.912702,43.205187]},"properties":{"id":"krisha:primavera","category":"apartments","name":"ЖК PRIMAVERA","builder":"BAZIS–А","address":"Алматы, Бостандыкский р-н, ул. Аль-Фараби, 103 и 105","status":"done","deadline":"2024-06-30","started_at":"2022-01-01","stage_note":"2 очереди сданы","source_url":"https://krisha.kz/complex/show/almaty/primavera/","updated_at":"2026-09-14T07:49:42+00:00"}},
{"type":"Feature","id":"krisha:primepark","geometry":{"type":"Point","coordinates":[76.929174,43.224617]},"properties":{"id":"krisha:primepark","category":"apartments","name":"ЖК Prime Park","builder":"ТОО Tauman Qurylys","address":"Алматы, Бостандыкский р-н, ул. Шашкина, 3/1","status":"in_progress","deadline":"2026-09-30","started_at":null,"stage_note":null,"source_url":"https://krisha.kz/complex/show/almaty/primepark/","updated_at":"2026-09-14T07:42:07+00:00"}},
{"type":"Feature","id":"krisha:privelegia","geometry":{"type":"Point","coordinates":[76.87649,43.185075]},"properties":{"id":"krisha:privelegia","category":"apartments","name":"ЖК Privilegia","builder":"Rise capital","address":"Алматы, Бостандыкский р-н, мкр. Мирас 73","status":"in_progress","deadline":"2026-06-30","started_at":null,"stage_note":null,"source_url":"https://krisha.kz/complex/show/almaty/privelegia/","updated_at":"2026-09-14T07:42:10+00:00"}},
{"type":"Feature","id":"krisha:progress","geometry":{"type":"Point","coordinates":[76.954541,43.251843]},"properties":{"id":"krisha:progress","category":"apartments","name":"ЖК Прогресс","builder":"ЖСК Алматы","address":"Алматы, Медеуский р-н, ул. Пушкина, 64 — Карасай батыра, 30","status":"in_progress","deadline":"2005-12-31","started_at":null,"stage_note":null,"source_url":"https://krisha.kz/complex/show/almaty/progress/","updated_at":"2026-09-14T09:35:51+00:00"}},
{"type":"Feature","id":"krisha:qadam","geometry":{"type":"Point","coordinates":[76.799913,43.173657]},"properties":{"id":"krisha:qadam","category":"apartments","name":"ЖК Qadam","builder":"Cordial Construction","address":"Алматы, Наурызбайский р-н, ул. Береке, 9 стр","status":"in_progress","deadline":"2024-12-31","started_at":"2022-01-01","stage_note":"4 очереди, последняя — Q4 2024","source_url":"https://krisha.kz/complex/show/almaty/qadam/","updated_at":"2026-09-14T07:47:31+00:00"}},
{"type":"Feature","id":"krisha:qalqaman","geometry":{"type":"Point","coordinates":[76.799118,43.22743]},"properties":{"id":"krisha:qalqaman","category":"apartments","name":"ЖК Qalqaman","builder":"Monumental Building","address":"Алматы, Наурызбайский р-н, микрорайон Калкаман-2, 8/3","status":"in_progress","deadline":"2022-12-31","started_at":"2022-01-01","stage_note":null,"source_url":"https://krisha.kz/complex/show/almaty/qalqaman/","updated_at":"2026-09-14T07:49:44+00:00"}},
{"type":"Feature","id":"krisha:qarasaipark","geometry":{"type":"Point","coordinates":[76.92187,43.250026]},"properties":{"id":"krisha:qarasaipark","category":"apartments","name":"ЖК Qarasai Park","builder":"KazBuild Development","address":"Алматы, Алмалинский р-н, ул. Карасай батыра, 119/95","status":"in_progress","deadline":"2022-06-30","started_at":"2022-01-01","stage_note":"2 очереди, последняя — Q2 2022","source_url":"https://krisha.kz/complex/show/almaty/qarasaipark/","updated_at":"2026-09-14T09:22:16+00:00"}},
{"type":"Feature","id":"krisha:qargalycity","geometry":{"type":"Point","coordinates":[76.806929,43.245467]},"properties":{"id":"krisha:qargalycity","category":"apartments","name":"ЖК Qargaly City","builder":"Exclusive Qurylys","address":"Алматы, Алатауский р-н, ул. Омарова, 1","status":"in_progress","deadline":"2024-09-30","started_at":"2023-04-01","stage_note":"2 очереди, последняя — Q3 2024","source_url":"https://krisha.kz/complex/show/almaty/qargalycity/","updated_at":"2026-09-14T07:44:52+00:00"}},
{"type":"Feature","id":"krisha:qazyna","geometry":{"type":"Point","coordinates":[77.008266,43.308833]},"properties":{"id":"krisha:qazyna","category":"apartments","name":"ЖК QAZYNA","builder":"Qazaq Invest Qurylys","address":"Алматы, Турксибский р-н, мкр. Кайрат, 135/4","status":"done","deadline":"2025-06-30","started_at":"2024-01-01","stage_note":"2 очереди сданы","source_url":"https://krisha.kz/complex/show/almaty/qazyna/","updated_at":"2026-09-14T07:45:41+00:00"}},
{"type":"Feature","id":"krisha:raafpark","geometry":{"type":"Point","coordinates":[76.960583,43.246344]},"properties":{"id":"krisha:raafpark","category":"apartments","name":"ЖК Raaf Park","builder":"Raaf Construction","address":"Алматы, Медеуский р-н, ул. Бекхожина, 1а/1","status":"in_progress","deadline":"2025-12-31","started_at":"2025-07-01","stage_note":null,"source_url":"https://krisha.kz/complex/show/almaty/raafpark/","updated_at":"2026-09-14T07:43:34+00:00"}},
{"type":"Feature","id":"krisha:rabat","geometry":{"type":"Point","coordinates":[76.912967,43.270692]},"properties":{"id":"krisha:rabat","category":"apartments","name":"ЖК Рабат","builder":"ИнтерТехСтрой","address":"Алматы, ул. Бокейханова, 11","status":"in_progress","deadline":"2022-12-31","started_at":null,"stage_note":null,"source_url":"https://krisha.kz/complex/show/almaty/rabat/","updated_at":"2026-09-14T07:49:48+00:00"}},
{"type":"Feature","id":"krisha:raduzhnyy-bereg","geometry":{"type":"Point","coordinates":[76.99423,43.342217]},"properties":{"id":"krisha:raduzhnyy-bereg","category":"apartments","name":"ЖК Радужный берег","builder":"Тauba Invest ТОО","address":"Алматы, Турксибский р-н, ул. Майлина, 54","status":"in_progress","deadline":"2016-06-30","started_at":null,"stage_note":null,"source_url":"https://krisha.kz/complex/show/almaty/raduzhnyy-bereg/","updated_at":"2026-09-14T09:28:41+00:00"}},
{"type":"Feature","id":"krisha:raiymbek","geometry":{"type":"Point","coordinates":[76.946355,43.271877]},"properties":{"id":"krisha:raiymbek","category":"apartments","name":"ЖК RAIYMBEK","builder":"ТОО \"ИНТЕРФИНАНС\"","address":"Алматы, просп. Назарбаева, 28","status":"in_progress","deadline":"2023-12-31","started_at":"2022-01-01","stage_note":"4 очереди, последняя — Q4 2023","source_url":"https://krisha.kz/complex/show/almaty/raiymbek/","updated_at":"2026-09-14T07:49:50+00:00"}},
{"type":"Feature","id":"krisha:raiymbekpark","geometry":{"type":"Point","coordinates":[76.921842,43.267979]},"properties":{"id":"krisha:raiymbekpark","category":"apartments","name":"ЖК RAIYMBEK PARK","builder":"DIAL GROUP","address":"Алматы, Алмалинский р-н, ул. Райымбека, 174/2","status":"in_progress","deadline":"2025-06-30","started_at":"2023-01-01","stage_note":null,"source_url":"https://krisha.kz/complex/show/almaty/raiymbekpark/","updated_at":"2026-09-14T07:43:32+00:00"}},
{"type":"Feature","id":"krisha:rams-luxury","geometry":{"type":"Point","coordinates":[76.910754,43.208299]},"properties":{"id":"krisha:rams-luxury","category":"apartments","name":"ЖК RAMS Luxury","builder":"Рамс Казахстан","address":"Алматы, Бостандыкский р-н, ул. Ходжанова, 77/1","status":"in_progress","deadline":"2019-12-31","started_at":null,"stage_note":null,"source_url":"https://krisha.kz/complex/show/rams-luxury/","updated_at":"2026-09-14T09:23:40+00:00"}},
{"type":"Feature","id":"krisha:rams-mkr-koktem-po-timiryazeva-shashkina","geometry":{"type":"Point","coordinates":[76.928278,43.227541]},"properties":{"id":"krisha:rams-mkr-koktem-po-timiryazeva-shashkina","category":"apartments","name":"ЖК Коктем по Тимирязева-Шашкина","builder":"Рамс Казахстан","address":"Алматы, Бостандыкский р-н, мкр «Коктем-1», ул. Тимирязева, 37 — Шашкина","status":"in_progress","deadline":"2014-06-30","started_at":null,"stage_note":null,"source_url":"https://krisha.kz/complex/show/almaty/rams-mkr-koktem-po-timiryazeva-shashkina/","updated_at":"2026-09-14T09:30:43+00:00"}},
{"type":"Feature","id":"krisha:ramscity","geometry":{"type":"Point","coordinates":[76.886924,43.22101]},"properties":{"id":"krisha:ramscity","category":"apartments","name":"ЖК RAMS City","builder":"Рамс Казахстан","address":"Алматы, Бостандыкский р-н, ул. Утепова улица, 31","status":"done","deadline":"2025-06-30","started_at":"2023-01-01","stage_note":"2 очереди сданы","source_url":"https://krisha.kz/complex/show/almaty/ramscity/","updated_at":"2026-09-14T07:46:43+00:00"}},
{"type":"Feature","id":"krisha:ramsevo","geometry":{"type":"Point","coordinates":[76.901114,43.254455]},"properties":{"id":"krisha:ramsevo","category":"apartments","name":"ЖК RAMS EVO","builder":"Рамс Казахстан","address":"Алматы, Алмалинский р-н, пересечение Ауэзова и Гоголя","status":"in_progress","deadline":"2026-06-30","started_at":"2024-10-01","stage_note":null,"source_url":"https://krisha.kz/complex/show/almaty/ramsevo/","updated_at":"2026-09-14T07:41:54+00:00"}},
{"type":"Feature","id":"krisha:ramsgarden","geometry":{"type":"Point","coordinates":[76.980338,43.255406]},"properties":{"id":"krisha:ramsgarden","category":"apartments","name":"ЖК RAMS Garden","builder":"Рамс Казахстан","address":"Алматы, Медеуский р-н, ул. Сагадат Нурмагамбетов, 71","status":"done","deadline":"2025-09-30","started_at":"2023-04-01","stage_note":null,"source_url":"https://krisha.kz/complex/show/almaty/ramsgarden/","updated_at":"2026-09-14T07:43:00+00:00"}},
{"type":"Feature","id":"krisha:ramskazakhstan","geometry":{"type":"Point","coordinates":[76.928285,43.227422]},"properties":{"id":"krisha:ramskazakhstan","category":"apartments","name":"ЖК Рамс Казахстан","builder":"Рамс Казахстан","address":"Алматы, Бостандыкский р-н, ул. Тимирязева, 37","status":"in_progress","deadline":"2012-12-31","started_at":null,"stage_note":null,"source_url":"https://krisha.kz/complex/show/almaty/ramskazakhstan/","updated_at":"2026-09-14T09:31:43+00:00"}},
{"type":"Feature","id":"krisha:ramssaiahat","geometry":{"type":"Point","coordinates":[76.951804,43.271402]},"properties":{"id":"krisha:ramssaiahat","category":"apartments","name":"ЖК RAMS Saiahat","builder":"Рамс Казахстан","address":"Алматы, Жетысуский р-н, пересечении улиц Райымбека и Суюнбая","status":"in_progress","deadline":"2026-12-31","started_at":"2024-10-01","stage_note":null,"source_url":"https://krisha.kz/complex/show/almaty/ramssaiahat/","updated_at":"2026-09-14T07:42:12+00:00"}},
{"type":"Feature","id":"krisha:ramssignature","geometry":{"type":"Point","coordinates":[76.933236,43.234701]},"properties":{"id":"krisha:ramssignature","category":"apartments","name":"ЖК RAMS Signature","builder":"Рамс Казахстан","address":"Алматы, Бостандыкский р-н, ул. Тимирязева угол ул. Байтурсынова","status":"in_progress","deadline":"2025-06-30","started_at":"2023-10-01","stage_note":null,"source_url":"https://krisha.kz/complex/show/almaty/ramssignature/","updated_at":"2026-09-14T07:43:38+00:00"}},
{"type":"Feature","id":"krisha:rapsodija","geometry":{"type":"Point","coordinates":[76.957755,43.225916]},"properties":{"id":"krisha:rapsodija","category":"apartments","name":"ЖК Рапсодия","builder":"BAZIS–А","address":"Алматы, Медеуский р-н, ул. Кажымукана, 37 – Фурманова","status":"in_progress","deadline":"2007-09-30","started_at":null,"stage_note":null,"source_url":"https://krisha.kz/complex/show/almaty/rapsodija/","updated_at":"2026-09-14T09:34:53+00:00"}},
{"type":"Feature","id":"krisha:raushan","geometry":{"type":"Point","coordinates":[76.916375,43.247878]},"properties":{"id":"krisha:raushan","category":"apartments","name":"ЖК Раушан","builder":"Айнер Сити","address":"Алматы, Алмалинский р-н, ул. Кожамкулова, 229, Кабанбай батыра, 147","status":"in_progress","deadline":"2009-12-31","started_at":null,"stage_note":null,"source_url":"https://krisha.kz/complex/show/almaty/raushan/","updated_at":"2026-09-14T09:33:31+00:00"}},
{"type":"Feature","id":"krisha:real-almaty","geometry":{"type":"Point","coordinates":[76.898986,43.200702]},"properties":{"id":"krisha:real-almaty","category":"apartments","name":"ЖК Реал Алматы","builder":"ERTOK YAPI MALZEME A.","address":"Алматы, Бостандыкский р-н, пр. Гагарина, 311а – Кожабекова","status":"in_progress","deadline":"2009-09-30","started_at":null,"stage_note":null,"source_url":"https://krisha.kz/complex/show/almaty/real-almaty/","updated_at":"2026-09-14T09:32:59+00:00"}},
{"type":"Feature","id":"krisha:regent","geometry":{"type":"Point","coordinates":[76.922391,43.191391]},"properties":{"id":"krisha:regent","category":"apartments","name":"Клубный дом REGENT","builder":"ТОО ADS Capital","address":"Алматы, Бостандыкский р-н, Жангир хана, 25","status":"in_progress","deadline":"2023-12-31","started_at":"2023-04-01","stage_note":null,"source_url":"https://krisha.kz/complex/show/almaty/regent/","updated_at":"2026-09-14T07:47:34+00:00"}},
{"type":"Feature","id":"krisha:regishills","geometry":{"type":"Point","coordinates":[76.931398,43.203721]},"properties":{"id":"krisha:regishills","category":"apartments","name":"Коттеджный городок Regis Hills","builder":"BI Group Юг","address":"Алматы, Бостандыкский р-н, мкр. Ерменсай, 3-й переулок, 46","status":"in_progress","deadline":"2025-09-30","started_at":"2023-01-01","stage_note":null,"source_url":"https://krisha.kz/complex/show/Almaty/regishills/","updated_at":"2026-09-14T07:43:07+00:00"}},
{"type":"Feature","id":"krisha:remizovka","geometry":{"type":"Point","coordinates":[76.932591,43.19804]},"properties":{"id":"krisha:remizovka","category":"apartments","name":"ЖК Ремизовка","builder":"EMI","address":"Алматы, Бостандыкский р-н, мкр. «Ерменсай», 5-й переулок, 16/1-4","status":"in_progress","deadline":"2014-03-31","started_at":null,"stage_note":null,"source_url":"https://krisha.kz/complex/show/almaty/remizovka/","updated_at":"2026-09-14T09:30:53+00:00"}},
{"type":"Feature","id":"krisha:remizovka-residences","geometry":{"type":"Point","coordinates":[76.928684,43.206349]},"properties":{"id":"krisha:remizovka-residences","category":"apartments","name":"ЖК Remizovka","builder":"BAZIS–А","address":"Алматы, Бостандыкский р-н, ул. Ерменсай, 25/1","status":"done","deadline":"2021-03-31","started_at":"2022-01-01","stage_note":"2 очереди сданы","source_url":"https://krisha.kz/complex/show/almaty/remizovka-residences/","updated_at":"2026-09-14T09:27:06+00:00"}},
{"type":"Feature","id":"krisha:remizovka-town","geometry":{"type":"Point","coordinates":[76.952553,43.184899]},"properties":{"id":"krisha:remizovka-town","category":"apartments","name":"ЖК Remizovka Town","builder":"AQ Invest","address":"Алматы, Бостандыкский р-н, ул. Саурык Батыр, участок 2Б","status":"in_progress","deadline":"2020-06-30","started_at":null,"stage_note":null,"source_url":"https://krisha.kz/complex/show/almaty/remizovka-town/","updated_at":"2026-09-14T09:23:54+00:00"}},
{"type":"Feature","id":"krisha:remizovkaidealnayarezidencia","geometry":{"type":"Point","coordinates":[76.931296,43.190785]},"properties":{"id":"krisha:remizovkaidealnayarezidencia","category":"apartments","name":"ЖК Ремизовка Идеальная Резиденция","builder":"ТОО MR Construction","address":"Алматы, ул. Арайлы, 20 к2","status":"in_progress","deadline":"2023-03-31","started_at":null,"stage_note":null,"source_url":"https://krisha.kz/complex/show/almaty/remizovkaidealnayarezidencia/","updated_at":"2026-09-14T07:47:06+00:00"}},
{"type":"Feature","id":"krisha:remizovkalife","geometry":{"type":"Point","coordinates":[76.928507,43.198952]},"properties":{"id":"krisha:remizovkalife","category":"apartments","name":"Таунхаус Remizovka Life","builder":"ТОО TVK Almaty","address":"Алматы, Бостандыкский р-н, ул. Ушкемпирова (Арайлы) переулок 5, участок 6","status":"in_progress","deadline":"2024-12-31","started_at":"2022-01-01","stage_note":null,"source_url":"https://krisha.kz/complex/show/alamty/remizovkalife/","updated_at":"2026-09-14T07:45:27+00:00"}},
{"type":"Feature","id":"krisha:renessans","geometry":{"type":"Point","coordinates":[76.953452,43.222889]},"properties":{"id":"krisha:renessans","category":"apartments","name":"ЖК Ренессанс","builder":"BAZIS–А","address":"Алматы, Медеуский р-н, ул. Фурманова, 301 – Кажымукана","status":"in_progress","deadline":"2007-06-30","started_at":null,"stage_note":null,"source_url":"https://krisha.kz/complex/show/almaty/renessans/","updated_at":"2026-09-14T09:34:55+00:00"}},
{"type":"Feature","id":"krisha:resmi-grupp","geometry":{"type":"Point","coordinates":[76.933343,43.220281]},"properties":{"id":"krisha:resmi-grupp","category":"apartments","name":"ЖК Ресми Групп","builder":"ЖСК Алматы","address":"Алматы, Медеуский р-н, пр. Аль-Фараби, 110 е — Ходжанова","status":"in_progress","deadline":"2008-03-31","started_at":null,"stage_note":null,"source_url":"https://krisha.kz/complex/show/almaty/resmi-grupp/","updated_at":"2026-09-14T09:34:02+00:00"}},
{"type":"Feature","id":"krisha:rhouse","geometry":{"type":"Point","coordinates":[76.893489,43.205217]},"properties":{"id":"krisha:rhouse","category":"apartments","name":"ЖК R-House","builder":"Etasa Construction","address":"Алматы, Бостандыкский р-н, ул. Розыбакиева, 237","status":"done","deadline":"2023-12-31","started_at":"2022-01-01","stage_note":"3 очереди сданы","source_url":"https://krisha.kz/complex/show/almaty/rhouse/","updated_at":"2026-09-14T09:23:31+00:00"}},
{"type":"Feature","id":"krisha:rivercity","geometry":{"type":"Point","coordinates":[76.863031,43.25228]},"properties":{"id":"krisha:rivercity","category":"apartments","name":"ЖК River City","builder":"Qazaqstroy","address":"Алматы, Ауэзовский р-н, проспект Райымбека","status":"in_progress","deadline":"2025-06-30","started_at":"2025-07-01","stage_note":"2 очереди, последняя — Q2 2025","source_url":"https://krisha.kz/complex/show/almaty/rivercity/","updated_at":"2026-09-14T07:44:50+00:00"}},
{"type":"Feature","id":"krisha:riverhouse","geometry":{"type":"Point","coordinates":[76.883969,43.217514]},"properties":{"id":"krisha:riverhouse","category":"apartments","name":"ЖК River House Exclusive","builder":"MN Trade","address":"Алматы, Ауэзовский р-н, ул. Навои, 68/2","status":"in_progress","deadline":"2022-03-31","started_at":"2022-01-01","stage_note":null,"source_url":"https://krisha.kz/complex/show/almaty/riverhouse/","updated_at":"2026-09-14T07:48:37+00:00"}},
{"type":"Feature","id":"krisha:riverpark","geometry":{"type":"Point","coordinates":[76.966522,43.266958]},"properties":{"id":"krisha:riverpark","category":"apartments","name":"ЖК River Park","builder":"Корпорация Арт-Медиа","address":"Алматы, Медеуский р-н, ул. Тянь-Шанская, 7","status":"in_progress","deadline":"2021-06-30","started_at":null,"stage_note":null,"source_url":"https://krisha.kz/complex/show/almaty/riverpark/","updated_at":"2026-09-14T09:22:18+00:00"}},
{"type":"Feature","id":"krisha:riverside","geometry":{"type":"Point","coordinates":[76.922137,43.236047]},"properties":{"id":"krisha:riverside","category":"apartments","name":"ЖК Riverside","builder":"BI Group Юг","address":"Алматы, Бостандыкский р-н, ул. Сатпаева, 30/5","status":"done","deadline":"2022-06-30","started_at":"2023-04-01","stage_note":null,"source_url":"https://krisha.kz/complex/show/almaty/riverside/","updated_at":"2026-09-14T07:49:53+00:00"}},
{"type":"Feature","id":"krisha:rivertime","geometry":{"type":"Point","coordinates":[76.869769,43.246847]},"properties":{"id":"krisha:rivertime","category":"apartments","name":"ЖК River Time","builder":"Time Group","address":"Алматы, Алмалинский р-н, ул. Варламова уг. ул. Толе би","status":"in_progress","deadline":"2022-06-30","started_at":null,"stage_note":null,"source_url":"https://krisha.kz/complex/show/almaty/rivertime/","updated_at":"2026-09-14T07:49:51+00:00"}},
{"type":"Feature","id":"krisha:riviera","geometry":{"type":"Point","coordinates":[76.876762,43.230028]},"properties":{"id":"krisha:riviera","category":"apartments","name":"ЖК Riviera","builder":"BAZIS–А","address":"Алматы, Бостандыкский р-н, ул. Сатпаева, 90/58","status":"done","deadline":"2024-03-31","started_at":"2022-01-01","stage_note":"3 очереди сданы","source_url":"https://krisha.kz/complex/show/almaty/riviera/","updated_at":"2026-09-14T09:25:25+00:00"}},
{"type":"Feature","id":"krisha:rivieraplus","geometry":{"type":"Point","coordinates":[76.876929,43.229326]},"properties":{"id":"krisha:rivieraplus","category":"apartments","name":"ЖК Riviera PLUS","builder":"BAZIS–А","address":"Алматы, Бостандыкский р-н, ул. Каныша Сатпаева, 90/55Б","status":"in_progress","deadline":"2026-03-31","started_at":"2025-07-01","stage_note":null,"source_url":"https://krisha.kz/complex/show/almaty/rivieraplus/","updated_at":"2026-09-14T07:42:08+00:00"}},
{"type":"Feature","id":"krisha:rodnik-1","geometry":{"type":"Point","coordinates":[76.863224,43.23821]},"properties":{"id":"krisha:rodnik-1","category":"apartments","name":"ЖК Родник-1","builder":"Тоо Talas Capital","address":"Алматы, Ауэзовский р-н, ул. Утеген батыра, 114 – Кабдолова","status":"in_progress","deadline":"2018-03-31","started_at":null,"stage_note":"2 очереди, последняя — Q1 2018","source_url":"https://krisha.kz/complex/show/rodnik-1/","updated_at":"2026-09-14T09:25:41+00:00"}},
{"type":"Feature","id":"krisha:rodnik2","geometry":{"type":"Point","coordinates":[76.907299,43.205821]},"properties":{"id":"krisha:rodnik2","category":"apartments","name":"ЖК Родник","builder":"ИП Жамбаев","address":"Алматы, Бостандыкский р-н, ул. Жарокова, 284/1","status":"in_progress","deadline":"2024-09-30","started_at":"2023-07-01","stage_note":"2 очереди, последняя — Q3 2024","source_url":"https://krisha.kz/complex/show/almaty/rodnik2/","updated_at":"2026-09-14T09:31:11+00:00"}},
{"type":"Feature","id":"krisha:royal","geometry":{"type":"Point","coordinates":[76.954687,43.22563]},"properties":{"id":"krisha:royal","category":"apartments","name":"ЖК Royal","builder":"Karpat Group","address":"Алматы, Медеуский р-н, ул. Хаджи Мукана, 49","status":"in_progress","deadline":"2014-12-31","started_at":"2022-01-01","stage_note":null,"source_url":"https://krisha.kz/complex/show/almaty/royal/","updated_at":"2026-09-14T09:30:55+00:00"}},
{"type":"Feature","id":"krisha:royal-gardens","geometry":{"type":"Point","coordinates":[76.904317,43.147313]},"properties":{"id":"krisha:royal-gardens","category":"apartments","name":"ЖК Royal Gardens","builder":"BAZIS–А","address":"Алматы, Бостандыкский р-н, ул. Улытау, 180/8","status":"in_progress","deadline":"2016-06-30","started_at":null,"stage_note":null,"source_url":"https://krisha.kz/complex/show/almaty/royal-gardens/","updated_at":"2026-09-14T09:28:49+00:00"}},
{"type":"Feature","id":"krisha:royaltime","geometry":{"type":"Point","coordinates":[76.866358,43.177201]},"properties":{"id":"krisha:royaltime","category":"apartments","name":"ЖК Royal Time","builder":"Time Group","address":"Алматы, Наурызбайский р-н, ул. Кенесары Хана, 145","status":"in_progress","deadline":"2026-12-31","started_at":"2025-07-01","stage_note":"2-я очередь из 2, сдача Q4 2026","source_url":"https://krisha.kz/complex/show/almaty/royaltime/","updated_at":"2026-09-14T07:43:42+00:00"}},
{"type":"Feature","id":"krisha:sajran","geometry":{"type":"Point","coordinates":[76.860697,43.241534]},"properties":{"id":"krisha:sajran","category":"apartments","name":"ЖК Сайран","builder":"Астана-Курылыс","address":"Алматы, Ауэзовский р-н, ул. Утеген батыра, 84г – Кабдолова","status":"in_progress","deadline":"2013-06-30","started_at":null,"stage_note":null,"source_url":"https://krisha.kz/complex/show/almaty/sajran/","updated_at":"2026-09-14T09:31:13+00:00"}},
{"type":"Feature","id":"krisha:sakura","geometry":{"type":"Point","coordinates":[76.9311,43.194727]},"properties":{"id":"krisha:sakura","category":"apartments","name":"ЖК Сакура","builder":"Рамс Казахстан","address":"Алматы, Бостандыкский р-н, ущелье Ремизовка, ул. Арайлы, 12","status":"in_progress","deadline":"2019-12-31","started_at":"2022-01-01","stage_note":null,"source_url":"https://krisha.kz/complex/show/sakura/","updated_at":"2026-09-14T09:25:27+00:00"}},
{"type":"Feature","id":"krisha:salem","geometry":{"type":"Point","coordinates":[76.949085,43.245432]},"properties":{"id":"krisha:salem","category":"apartments","name":"ЖК Салем","builder":"ТОО СК Элитстрой","address":"Алматы, Медеуский р-н, ул. Тулебаева, 175 – Шевченко","status":"in_progress","deadline":"2006-06-30","started_at":null,"stage_note":null,"source_url":"https://krisha.kz/complex/show/almaty/salem/","updated_at":"2026-09-14T09:35:29+00:00"}},
{"type":"Feature","id":"krisha:salem-2","geometry":{"type":"Point","coordinates":[76.948953,43.245395]},"properties":{"id":"krisha:salem-2","category":"apartments","name":"ЖК Салем 1, 2","builder":"ТОО СК Элитстрой","address":"Алматы, Медеуский р-н, ул. Тулебаева, 171, 175","status":"in_progress","deadline":"2014-06-30","started_at":null,"stage_note":null,"source_url":"https://krisha.kz/complex/show/salem-2/","updated_at":"2026-09-14T09:30:17+00:00"}},
{"type":"Feature","id":"krisha:samal-de-ljuks","geometry":{"type":"Point","coordinates":[76.959192,43.229773]},"properties":{"id":"krisha:samal-de-ljuks","category":"apartments","name":"ЖК Самал Делюкс","builder":"Алматы Центр Строй","address":"Алматы, Медеуский р-н, пр. Достык, 97, 97Б – Аль-Фараби","status":"in_progress","deadline":"2008-06-30","started_at":null,"stage_note":"2 очереди, последняя — Q2 2008","source_url":"https://krisha.kz/complex/show/almaty/samal-de-ljuks/","updated_at":"2026-09-14T09:34:28+00:00"}},
{"type":"Feature","id":"krisha:samal-tower","geometry":{"type":"Point","coordinates":[76.955429,43.230107]},"properties":{"id":"krisha:samal-tower","category":"apartments","name":"ЖК Samal Tower","builder":"IBC TAIMAS","address":"Алматы, Медеуский р-н, Снегина — Мендикулова","status":"in_progress","deadline":"2016-12-31","started_at":null,"stage_note":null,"source_url":"https://krisha.kz/complex/show/almaty/samal-tower/","updated_at":"2026-09-14T09:29:06+00:00"}},
{"type":"Feature","id":"krisha:samalprestige","geometry":{"type":"Point","coordinates":[76.952513,43.22914]},"properties":{"id":"krisha:samalprestige","category":"apartments","name":"ЖК Samal Prestige","builder":"Kablan","address":"Алматы, Медеуский р-н, микрорайон Самал-2, 58А","status":"in_progress","deadline":"2018-12-31","started_at":null,"stage_note":null,"source_url":"https://krisha.kz/complex/show/almaty/samalprestige/","updated_at":"2026-09-14T09:27:04+00:00"}},
{"type":"Feature","id":"krisha:samga","geometry":{"type":"Point","coordinates":[76.835991,43.243057]},"properties":{"id":"krisha:samga","category":"apartments","name":"ЖК Самга","builder":"Alshyn","address":"Алматы, Ауэзовский р-н, мкр «Аксай-1», ул. Саина","status":"in_progress","deadline":"2015-12-31","started_at":null,"stage_note":null,"source_url":"https://krisha.kz/complex/show/samga/","updated_at":"2026-09-14T09:30:09+00:00"}},
{"type":"Feature","id":"krisha:sandel","geometry":{"type":"Point","coordinates":[76.898781,43.209417]},"properties":{"id":"krisha:sandel","category":"apartments","name":"ЖК Sandel","builder":"Sandel","address":"Алматы, Бостандыкский р-н, ул. Серкебаева, 76","status":"in_progress","deadline":"2018-09-30","started_at":null,"stage_note":null,"source_url":"https://krisha.kz/complex/show/almaty/sandel/","updated_at":"2026-09-14T09:27:10+00:00"}},
{"type":"Feature","id":"krisha:santaun-kg","geometry":{"type":"Point","coordinates":[76.918709,43.195239]},"properties":{"id":"krisha:santaun-kg","category":"apartments","name":"Коттеджный городок Sun Town","builder":"ЖСК Алматы","address":"Алматы, Бостандыкский р-н, мкр “Баганашыл”, ул. Восточная, 31, 33, 35","status":"in_progress","deadline":"2004-03-31","started_at":null,"stage_note":null,"source_url":"https://krisha.kz/complex/show/almaty/santaun-kg/","updated_at":"2026-09-14T09:36:43+00:00"}},
{"type":"Feature","id":"krisha:saryarka","geometry":{"type":"Point","coordinates":[76.852616,43.233144]},"properties":{"id":"krisha:saryarka","category":"apartments","name":"ЖК Сары Арка","builder":"MIDDLEMAN","address":"Алматы, Ауэзовский р-н, микрорайон 1, 68/3 и 68/4","status":"in_progress","deadline":"2015-12-31","started_at":null,"stage_note":null,"source_url":"https://krisha.kz/complex/show/almaty/saryarka/","updated_at":"2026-09-14T09:29:37+00:00"}},
{"type":"Feature","id":"krisha:satay","geometry":{"type":"Point","coordinates":[76.896677,43.264942]},"properties":{"id":"krisha:satay","category":"apartments","name":"ЖК Satay","builder":"ТОО Высотник","address":"Алматы, Жетысуский р-н, ул. Боткина, 12/2 (пересечение ул. Райымбека - Ауезова)","status":"done","deadline":"2026-06-30","started_at":null,"stage_note":"2 очереди сданы","source_url":"https://krisha.kz/complex/show/almaty/satay/","updated_at":"2026-09-14T07:40:20+00:00"}},
{"type":"Feature","id":"krisha:satpaev","geometry":{"type":"Point","coordinates":[76.879056,43.231823]},"properties":{"id":"krisha:satpaev","category":"apartments","name":"ЖК Satpaev","builder":"BAZIS–А","address":"Алматы, Бостандыкский р-н, ул. Каныша Сатпаева, 90а/1","status":"in_progress","deadline":"2028-09-30","started_at":"2025-07-01","stage_note":"2-я очередь из 2, сдача Q3 2028","source_url":"https://krisha.kz/complex/show/almaty/satpaev/","updated_at":"2026-09-14T07:42:18+00:00"}},
{"type":"Feature","id":"krisha:sattje","geometry":{"type":"Point","coordinates":[76.951878,43.229091]},"properties":{"id":"krisha:sattje","category":"apartments","name":"ЖК Сатти","builder":"Серт АО","address":"Алматы, Медеуский р-н, мкр «Самал-2», д. 58","status":"in_progress","deadline":"2008-09-30","started_at":null,"stage_note":null,"source_url":"https://krisha.kz/complex/show/almaty/sattje/","updated_at":"2026-09-14T09:34:17+00:00"}},
{"type":"Feature","id":"krisha:saulet","geometry":{"type":"Point","coordinates":[76.921006,43.269742]},"properties":{"id":"krisha:saulet","category":"apartments","name":"ЖК Saulet","builder":"BI Group Юг","address":"Алматы, Жетысуский р-н, ул. Райымбека, 219Б","status":"in_progress","deadline":"2026-06-30","started_at":"2025-07-01","stage_note":null,"source_url":"https://krisha.kz/complex/show/almaty/saulet/","updated_at":"2026-09-14T07:42:20+00:00"}},
{"type":"Feature","id":"krisha:saxonyard","geometry":{"type":"Point","coordinates":[76.910205,43.170242]},"properties":{"id":"krisha:saxonyard","category":"apartments","name":"Клубный дом Saxon Yard","builder":"K7 Group","address":"Алматы, Бостандыкский р-н, ул. Какимбека Салыкова, 40","status":"in_progress","deadline":"2024-09-30","started_at":"2022-01-01","stage_note":"2 очереди, последняя — Q3 2024","source_url":"https://krisha.kz/complex/show/almaty/saxonyard/","updated_at":"2026-09-14T07:47:36+00:00"}},
{"type":"Feature","id":"krisha:sayaly","geometry":{"type":"Point","coordinates":[76.839452,43.300794]},"properties":{"id":"krisha:sayaly","category":"apartments","name":"ЖК в мкр. Саялы","builder":"Baiterek Национальный Управляющий Холдинг","address":"Алматы, Алатауский р-н, мкр. Саялы, 131","status":"in_progress","deadline":"2018-12-31","started_at":null,"stage_note":null,"source_url":"https://krisha.kz/complex/show/almaty/sayaly/","updated_at":"2026-09-14T09:26:55+00:00"}},
{"type":"Feature","id":"krisha:seifullin","geometry":{"type":"Point","coordinates":[76.925256,43.267796]},"properties":{"id":"krisha:seifullin","category":"apartments","name":"ЖК Seifullin","builder":"Sensata Group","address":"Алматы, Алмалинский р-н, просп. Райымбека, 162/3","status":"done","deadline":"2024-12-31","started_at":"2023-01-01","stage_note":null,"source_url":"https://krisha.kz/complex/show/almaty/seifullin/","updated_at":"2026-09-14T07:45:44+00:00"}},
{"type":"Feature","id":"krisha:selinresidence","geometry":{"type":"Point","coordinates":[76.950889,43.21008]},"properties":{"id":"krisha:selinresidence","category":"apartments","name":"ЖК Selin Residence","builder":"EPC Group","address":"Алматы, Медеуский р-н, ул. Каппарова, 254в/1","status":"in_progress","deadline":"2025-12-31","started_at":"2025-07-01","stage_note":null,"source_url":"https://krisha.kz/complex/show/almaty/selinresidence/","updated_at":"2026-09-14T07:43:40+00:00"}},
{"type":"Feature","id":"krisha:seneca","geometry":{"type":"Point","coordinates":[76.965619,43.232047]},"properties":{"id":"krisha:seneca","category":"apartments","name":"Клубный дом Seneca","builder":"Seneca Partners","address":"Алматы, Медеуский р-н, ул. Керей Жанибек Хандар 29/5","status":"in_progress","deadline":"2024-12-31","started_at":"2023-07-01","stage_note":null,"source_url":"https://krisha.kz/complex/show/almaty/seneca/","updated_at":"2026-09-14T07:45:46+00:00"}},
{"type":"Feature","id":"krisha:senim","geometry":{"type":"Point","coordinates":[76.800656,43.212243]},"properties":{"id":"krisha:senim","category":"apartments","name":"ЖК Сеним","builder":"ТОО \"АРТ-ТЕХНОСС\"","address":"Алматы, Наурызбайский р-н, мкрн Шугыла, ул. Байтели Батыра, 43","status":"in_progress","deadline":"2024-12-31","started_at":"2023-04-01","stage_note":null,"source_url":"https://krisha.kz/complex/show/almaty/senim/","updated_at":"2026-09-14T07:45:48+00:00"}},
{"type":"Feature","id":"krisha:sensatacity","geometry":{"type":"Point","coordinates":[76.793862,43.211375]},"properties":{"id":"krisha:sensatacity","category":"apartments","name":"ЖК Sensata City","builder":"Sensata Group","address":"Алматы, Наурызбайский р-н, ул. Коктерек, 139/7","status":"done","deadline":"2022-12-31","started_at":"2023-04-01","stage_note":null,"source_url":"https://krisha.kz/complex/show/almaty/sensatacity/","updated_at":"2026-09-14T07:48:21+00:00"}},
{"type":"Feature","id":"krisha:serenitypark","geometry":{"type":"Point","coordinates":[76.899824,43.173766]},"properties":{"id":"krisha:serenitypark","category":"apartments","name":"ЖК Serenity Park","builder":"НурАли Проект","address":"Алматы, Бостандыкский р-н, ул. Әбілқайыр хан, 111","status":"in_progress","deadline":"2022-09-30","started_at":"2022-01-01","stage_note":null,"source_url":"https://krisha.kz/complex/show/almaty/serenitypark/","updated_at":"2026-09-14T07:49:40+00:00"}},
{"type":"Feature","id":"krisha:sevenhills","geometry":{"type":"Point","coordinates":[76.89745,43.207344]},"properties":{"id":"krisha:sevenhills","category":"apartments","name":"ЖК Seven Hills","builder":"Nest Stroy","address":"Алматы, Бостандыкский р-н, ул. Гагарина, 277/7","status":"done","deadline":"2021-06-30","started_at":"2022-01-01","stage_note":"2 очереди сданы","source_url":"https://krisha.kz/complex/show/almaty/sevenhills/","updated_at":"2026-09-14T09:26:38+00:00"}},
{"type":"Feature","id":"krisha:severnoe-kol-co","geometry":{"type":"Point","coordinates":[76.896674,43.311152]},"properties":{"id":"krisha:severnoe-kol-co","category":"apartments","name":"ЖК Северное кольцо","builder":"TS Com","address":"Алматы, Алатауский р-н, ул. Северное кольцо, 86/7","status":"in_progress","deadline":"2014-06-30","started_at":null,"stage_note":null,"source_url":"https://krisha.kz/complex/show/severnoe-kol-co/","updated_at":"2026-09-14T09:30:47+00:00"}},
{"type":"Feature","id":"krisha:severnyi","geometry":{"type":"Point","coordinates":[76.896888,43.314393]},"properties":{"id":"krisha:severnyi","category":"apartments","name":"ЖК Северный","builder":"Центр СМР","address":"Алматы, Алатауский р-н, ул. Северное кольцо","status":"in_progress","deadline":"2022-12-31","started_at":"2022-07-01","stage_note":null,"source_url":"https://krisha.kz/complex/show/almaty/severnyi/","updated_at":"2026-09-14T07:49:55+00:00"}},
{"type":"Feature","id":"krisha:seyfullinpark","geometry":{"type":"Point","coordinates":[76.92692,43.275309]},"properties":{"id":"krisha:seyfullinpark","category":"apartments","name":"ЖК SEYFULLIN PARK","builder":"DIAL GROUP","address":"Алматы, Жетысуский р-н, ул. Булкушева - ул. Сейфуллина","status":"in_progress","deadline":"2023-09-30","started_at":"2023-07-01","stage_note":null,"source_url":"https://krisha.kz/complex/show/almaty/seyfullinpark/","updated_at":"2026-09-14T07:47:30+00:00"}},
{"type":"Feature","id":"krisha:sezam","geometry":{"type":"Point","coordinates":[76.886174,43.20435]},"properties":{"id":"krisha:sezam","category":"apartments","name":"ЖК Сезам","builder":"BI Group Юг","address":"Алматы, Бостандыкский р-н, ул. Навои, 210/1-3 – Торайгырова","status":"in_progress","deadline":"2016-09-30","started_at":null,"stage_note":null,"source_url":"https://krisha.kz/complex/show/almaty/sezam/","updated_at":"2026-09-14T09:29:09+00:00"}},
{"type":"Feature","id":"krisha:shabyt","geometry":{"type":"Point","coordinates":[76.929342,43.267999]},"properties":{"id":"krisha:shabyt","category":"apartments","name":"ЖК Shabyt","builder":"SVOYDOM","address":"Алматы, Алмалинский р-н, Проспект Сейфуллина, 467г","status":"in_progress","deadline":"2025-09-30","started_at":"2025-07-01","stage_note":null,"source_url":"https://krisha.kz/complex/show/almaty/shabyt/","updated_at":"2026-09-14T07:43:44+00:00"}},
{"type":"Feature","id":"krisha:shahar","geometry":{"type":"Point","coordinates":[76.830169,43.243371]},"properties":{"id":"krisha:shahar","category":"apartments","name":"ЖК Shahar","builder":"NOVEC","address":"Алматы, ул. Райымбека, 522/1","status":"in_progress","deadline":"2022-09-30","started_at":"2022-01-01","stage_note":null,"source_url":"https://krisha.kz/complex/show/almaty/shahar/","updated_at":"2026-09-14T07:49:57+00:00"}},
{"type":"Feature","id":"krisha:shahristan","geometry":{"type":"Point","coordinates":[76.884845,43.206632]},"properties":{"id":"krisha:shahristan","category":"apartments","name":"ЖК Шахристан","builder":"Halyk Active","address":"Алматы, Бостандыкский р-н, Навои, 208 - Торайгырова","status":"in_progress","deadline":"2015-12-31","started_at":null,"stage_note":null,"source_url":"https://krisha.kz/complex/show/almaty/shahristan/","updated_at":"2026-09-14T09:30:11+00:00"}},
{"type":"Feature","id":"krisha:shanyrak","geometry":{"type":"Point","coordinates":[76.937058,43.245325]},"properties":{"id":"krisha:shanyrak","category":"apartments","name":"ЖК Шанырак","builder":"Столичная Недвижимость","address":"Алматы, Алмалинский р-н, ул. Шевченко, 88 — Наурызбай батыра, 99/1","status":"in_progress","deadline":"2015-09-30","started_at":null,"stage_note":null,"source_url":"https://krisha.kz/complex/show/almaty/shanyrak/","updated_at":"2026-09-14T09:30:14+00:00"}},
{"type":"Feature","id":"krisha:shapagat","geometry":{"type":"Point","coordinates":[76.882313,43.27935]},"properties":{"id":"krisha:shapagat","category":"apartments","name":"ЖК ШАПАГАТ","builder":"Karpat Group","address":"Алматы, Алатауский р-н, ул. Красноармейская, 11","status":"in_progress","deadline":"2021-09-30","started_at":"2022-01-01","stage_note":null,"source_url":"https://krisha.kz/complex/show/almaty/shapagat/","updated_at":"2026-09-14T09:22:21+00:00"}},
{"type":"Feature","id":"krisha:shararcity","geometry":{"type":"Point","coordinates":[76.897415,43.316256]},"properties":{"id":"krisha:shararcity","category":"apartments","name":"ЖК Shahar City","builder":"Exclusive Qurylys","address":"Алматы, Алатауский р-н, ул. Северное Кольцо, 92/13 блок 7","status":"done","deadline":"2024-12-31","started_at":"2022-01-01","stage_note":"3 очереди сданы","source_url":"https://krisha.kz/complex/show/almaty/shararcity/","updated_at":"2026-09-14T07:48:23+00:00"}},
{"type":"Feature","id":"krisha:sholpan","geometry":{"type":"Point","coordinates":[76.947086,43.212006]},"properties":{"id":"krisha:sholpan","category":"apartments","name":"ЖК Шолпан","builder":"East Star","address":"Алматы, Бостандыкский р-н, пос. Ремизовка, стр. 9","status":"in_progress","deadline":"2016-03-31","started_at":null,"stage_note":null,"source_url":"https://krisha.kz/complex/show/almaty/sholpan/","updated_at":"2026-09-14T09:29:11+00:00"}},
{"type":"Feature","id":"krisha:sholpancity","geometry":{"type":"Point","coordinates":[76.873384,43.203013]},"properties":{"id":"krisha:sholpancity","category":"apartments","name":"ЖК Sholpan City","builder":"Bayterek 2050","address":"Алматы, Бостандыкский р-н, ул. Торайгырова, 21/1","status":"in_progress","deadline":"2020-12-31","started_at":"2022-01-01","stage_note":null,"source_url":"https://krisha.kz/complex/show/almaty/sholpancity/","updated_at":"2026-09-14T09:22:58+00:00"}},
{"type":"Feature","id":"krisha:shugyla","geometry":{"type":"Point","coordinates":[76.789336,43.213915]},"properties":{"id":"krisha:shugyla","category":"apartments","name":"ЖК Шугыла","builder":"Тимус-construction","address":"Алматы, Наурызбайский р-н, микрорайон «Шугыла», дом 342, корпус 2","status":"in_progress","deadline":"2019-12-31","started_at":null,"stage_note":"4 очереди, последняя — Q4 2019","source_url":"https://krisha.kz/complex/show/shugyla/","updated_at":"2026-09-14T09:25:29+00:00"}},
{"type":"Feature","id":"krisha:shugylacity","geometry":{"type":"Point","coordinates":[76.789557,43.207954]},"properties":{"id":"krisha:shugylacity","category":"apartments","name":"ЖК Шугыла City","builder":"Тимус-construction","address":"Алматы, Наурызбайский р-н, мкр. Шугыла","status":"in_progress","deadline":"2020-12-31","started_at":null,"stage_note":null,"source_url":"https://krisha.kz/complex/show/almaty/shugylacity/","updated_at":"2026-09-14T09:23:00+00:00"}},
{"type":"Feature","id":"krisha:sicilia","geometry":{"type":"Point","coordinates":[76.853138,43.190687]},"properties":{"id":"krisha:sicilia","category":"apartments","name":"ЖК Sicilia","builder":"Tetris Construction Group","address":"Алматы, Наурызбайский р-н, ул Сейдимбек, 110в","status":"in_progress","deadline":"2024-03-31","started_at":"2023-01-01","stage_note":null,"source_url":"https://krisha.kz/complex/show/almaty/sicilia/","updated_at":"2026-09-14T07:45:52+00:00"}},
{"type":"Feature","id":"krisha:silvaresidence","geometry":{"type":"Point","coordinates":[76.920689,43.193081]},"properties":{"id":"krisha:silvaresidence","category":"apartments","name":"Клубный дом Silva Residence","builder":"B-GROUP Holding","address":"Алматы, Бостандыкский р-н, ул. Жангир Хана, 11","status":"in_progress","deadline":"2026-12-31","started_at":null,"stage_note":null,"source_url":"https://krisha.kz/complex/show/almaty/silvaresidence/","updated_at":"2026-09-14T07:42:16+00:00"}},
{"type":"Feature","id":"krisha:silverhills","geometry":{"type":"Point","coordinates":[76.930503,43.197361]},"properties":{"id":"krisha:silverhills","category":"apartments","name":"ЖК Silver Hills","builder":"ТОО Көк Бәйтерек, Ген.подрядчик TransMaks","address":"Алматы, Бостандыкский р-н, Ушкемпирова, 42","status":"done","deadline":"2022-12-31","started_at":"2022-01-01","stage_note":null,"source_url":"https://krisha.kz/complex/show/almaty/silverhills/","updated_at":"2026-09-14T07:49:08+00:00"}},
{"type":"Feature","id":"krisha:silverwoodapartments","geometry":{"type":"Point","coordinates":[76.964258,43.188812]},"properties":{"id":"krisha:silverwoodapartments","category":"apartments","name":"ЖК Silverwood Apartments","builder":"Estatе Co.","address":"Алматы, Медеуский р-н, ул. Кербулакская, 8/1 к1","status":"in_progress","deadline":"2021-09-30","started_at":null,"stage_note":"2 очереди, последняя — Q3 2021","source_url":"https://krisha.kz/complex/show/almaty/silverwoodapartments/","updated_at":"2026-09-14T07:50:38+00:00"}},
{"type":"Feature","id":"krisha:simfoniya","geometry":{"type":"Point","coordinates":[76.875074,43.231198]},"properties":{"id":"krisha:simfoniya","category":"apartments","name":"ЖК Симфония","builder":"BAZIS–А","address":"Алматы, Бостандыкский р-н, ул. Каныша Сатпаева, 90/36, 90/20","status":"in_progress","deadline":"2016-06-30","started_at":null,"stage_note":null,"source_url":"https://krisha.kz/complex/show/almaty/simfoniya/","updated_at":"2026-09-14T09:28:19+00:00"}},
{"type":"Feature","id":"krisha:sirius","geometry":{"type":"Point","coordinates":[76.906174,43.24583]},"properties":{"id":"krisha:sirius","category":"apartments","name":"ЖК SIRIUS","builder":"Артемида ЛТД","address":"Алматы, Алмалинский р-н, ул. Жамбыла - ул. Айтиева","status":"in_progress","deadline":"2021-03-31","started_at":null,"stage_note":null,"source_url":"https://krisha.kz/complex/show/almaty/sirius/","updated_at":"2026-09-14T09:22:23+00:00"}},
{"type":"Feature","id":"krisha:skyhills","geometry":{"type":"Point","coordinates":[76.908842,43.168768]},"properties":{"id":"krisha:skyhills","category":"apartments","name":"ЖК Sky Hills","builder":"TS Com","address":"Алматы, Бостандыкский р-н, мкр Нур Алатау, ул. Какимбек Салыков, 42","status":"in_progress","deadline":"2022-06-30","started_at":"2022-01-01","stage_note":null,"source_url":"https://krisha.kz/complex/show/almaty/skyhills/","updated_at":"2026-09-14T07:49:06+00:00"}},
{"type":"Feature","id":"krisha:skypark","geometry":{"type":"Point","coordinates":[76.965394,43.21028]},"properties":{"id":"krisha:skypark","category":"apartments","name":"ЖК Sky Park","builder":"Atrium Plus","address":"Алматы, Медеуский р-н, ул. Тайманова 151/1","status":"in_progress","deadline":"2025-12-31","started_at":"2025-07-01","stage_note":null,"source_url":"https://krisha.kz/complex/show/almaty/skypark/","updated_at":"2026-09-14T07:43:36+00:00"}},
{"type":"Feature","id":"krisha:skyvilla","geometry":{"type":"Point","coordinates":[76.938117,43.18462]},"properties":{"id":"krisha:skyvilla","category":"apartments","name":"ЖК Sky Villa","builder":"Stroy Sistems","address":"Алматы, Бостандыкский р-н, ул. Таужиеги, 70","status":"in_progress","deadline":"2023-12-31","started_at":"2023-07-01","stage_note":null,"source_url":"https://krisha.kz/complex/show/almaty/skyvilla/","updated_at":"2026-09-14T07:47:39+00:00"}},
{"type":"Feature","id":"krisha:sofia","geometry":{"type":"Point","coordinates":[76.829215,43.272467]},"properties":{"id":"krisha:sofia","category":"apartments","name":"ЖК Sofia","builder":"Time Group","address":"Алматы, Алатауский р-н, ул. Касыма Шарипова, 206/9","status":"in_progress","deadline":"2022-06-30","started_at":"2022-01-01","stage_note":null,"source_url":"https://krisha.kz/complex/show/almaty/sofia/","updated_at":"2026-09-14T07:49:58+00:00"}},
{"type":"Feature","id":"krisha:soho-17","geometry":{"type":"Point","coordinates":[76.881619,43.21711]},"properties":{"id":"krisha:soho-17","category":"apartments","name":"ЖК Soho-17","builder":"MN Trade","address":"Алматы, Ауэзовский р-н, ул. Навои, 58/1","status":"in_progress","deadline":"2022-09-30","started_at":"2023-04-01","stage_note":null,"source_url":"https://krisha.kz/complex/show/almaty/soho-17/","updated_at":"2026-09-14T07:47:47+00:00"}},
{"type":"Feature","id":"krisha:solarhomes","geometry":{"type":"Point","coordinates":[76.96847,43.173305]},"properties":{"id":"krisha:solarhomes","category":"apartments","name":"Коттеджный городок Solar Homes","builder":"Parmigiano Group","address":"Алматы, Медеуский р-н, ул. Обсерватория, 23","status":"in_progress","deadline":"2022-12-31","started_at":null,"stage_note":null,"source_url":"https://krisha.kz/complex/show/almaty/solarhomes/","updated_at":"2026-09-14T07:49:13+00:00"}},
{"type":"Feature","id":"krisha:solnechnaja-dolina","geometry":{"type":"Point","coordinates":[76.868513,43.188211]},"properties":{"id":"krisha:solnechnaja-dolina","category":"apartments","name":"ЖК Солнечная Долина","builder":"Базис-Люкс ТОО","address":"Алматы, Бостандыкский р-н, мкр. Мирас, 157","status":"in_progress","deadline":"2022-12-31","started_at":"2022-01-01","stage_note":"3 очереди, последняя — Q4 2022","source_url":"https://krisha.kz/complex/show/almaty/solnechnaja-dolina/","updated_at":"2026-09-14T09:33:51+00:00"}},
{"type":"Feature","id":"krisha:solnechnaja-dolina-kg","geometry":{"type":"Point","coordinates":[76.870875,43.189352]},"properties":{"id":"krisha:solnechnaja-dolina-kg","category":"apartments","name":"Коттеджный городок Солнечная Долина КГ","builder":"BAZIS–А","address":"Алматы, Бостандыкский р-н, мкр “Мирас”, д. 159–171","status":"in_progress","deadline":"2010-12-31","started_at":null,"stage_note":null,"source_url":"https://krisha.kz/complex/show/almaty/solnechnaja-dolina-kg/","updated_at":"2026-09-14T09:32:35+00:00"}},
{"type":"Feature","id":"krisha:solnechnyj-kvartal","geometry":{"type":"Point","coordinates":[76.933566,43.225268]},"properties":{"id":"krisha:solnechnyj-kvartal","category":"apartments","name":"ЖК Солнечный Квартал","builder":"Столичная Недвижимость","address":"Алматы, Бостандыкский р-н, ул. Бальзака, 8, 8а-в — Попова","status":"in_progress","deadline":"2012-12-31","started_at":null,"stage_note":null,"source_url":"https://krisha.kz/complex/show/almaty/solnechnyj-kvartal/","updated_at":"2026-09-14T09:31:45+00:00"}},
{"type":"Feature","id":"krisha:sorrento","geometry":{"type":"Point","coordinates":[76.924042,43.25821]},"properties":{"id":"krisha:sorrento","category":"apartments","name":"ЖК Sorrento","builder":"Timus Development","address":"Алматы, Алмалинский р-н, ул. Досмухамедова, 20а","status":"in_progress","deadline":"2021-12-31","started_at":null,"stage_note":null,"source_url":"https://krisha.kz/complex/show/almaty/sorrento/","updated_at":"2026-09-14T09:22:25+00:00"}},
{"type":"Feature","id":"krisha:southgarden","geometry":{"type":"Point","coordinates":[76.844655,43.261696]},"properties":{"id":"krisha:southgarden","category":"apartments","name":"ЖК South Garden","builder":"GlavStroy","address":"Алматы, Алатауский р-н, мкр.Айгерим-1 Улица Чойбалсана, 9/1","status":"in_progress","deadline":"2024-03-31","started_at":"2023-01-01","stage_note":null,"source_url":"https://krisha.kz/complex/show/almaty/southgarden/","updated_at":"2026-09-14T07:45:09+00:00"}},
{"type":"Feature","id":"krisha:sovmin","geometry":{"type":"Point","coordinates":[76.96228,43.212616]},"properties":{"id":"krisha:sovmin","category":"apartments","name":"Клубный дом SOVMIN","builder":"ERTOK YAPI MALZEME A.","address":"Алматы, ул. Тайманова, 222/6","status":"in_progress","deadline":"2020-12-31","started_at":null,"stage_note":null,"source_url":"https://krisha.kz/complex/show/alamty/sovmin/","updated_at":"2026-09-14T09:23:56+00:00"}},
{"type":"Feature","id":"krisha:sovremenny","geometry":{"type":"Point","coordinates":[76.840208,43.229802]},"properties":{"id":"krisha:sovremenny","category":"apartments","name":"ЖК Современный","builder":"ARMADA STROY","address":"Алматы, Ауэзовский р-н, Аксай-4, 121","status":"in_progress","deadline":"2014-12-31","started_at":null,"stage_note":null,"source_url":"https://krisha.kz/complex/show/almaty/sovremenny/","updated_at":"2026-09-14T09:30:58+00:00"}},
{"type":"Feature","id":"krisha:sputnik","geometry":{"type":"Point","coordinates":[76.843897,43.212811]},"properties":{"id":"krisha:sputnik","category":"apartments","name":"ЖК Спутник","builder":"Полет М","address":"Алматы, Ауэзовский р-н, мкр “Мамыр-1”, 29, 29/1-8","status":"in_progress","deadline":"2013-12-31","started_at":null,"stage_note":null,"source_url":"https://krisha.kz/complex/show/almaty/sputnik/","updated_at":"2026-09-14T09:31:15+00:00"}},
{"type":"Feature","id":"krisha:status","geometry":{"type":"Point","coordinates":[76.907288,43.247314]},"properties":{"id":"krisha:status","category":"apartments","name":"ЖК Status","builder":"Capital Invest Construction","address":"Алматы, Алмалинский р-н, ул. Нурмакова угол ул. Кабанбай батыра","status":"in_progress","deadline":"2022-09-30","started_at":"2022-01-01","stage_note":null,"source_url":"https://krisha.kz/complex/show/almaty/status/","updated_at":"2026-09-14T07:50:01+00:00"}},
{"type":"Feature","id":"krisha:status2","geometry":{"type":"Point","coordinates":[76.907275,43.248016]},"properties":{"id":"krisha:status2","category":"apartments","name":"ЖК Status 2.0","builder":"Capital Invest Construction","address":"Алматы, Алмалинский р-н, ул. Нурмакова, 148","status":"in_progress","deadline":"2026-09-30","started_at":null,"stage_note":null,"source_url":"https://krisha.kz/complex/show/almaty/status2/","updated_at":"2026-09-14T07:41:20+00:00"}},
{"type":"Feature","id":"krisha:stolichnyj-centr","geometry":{"type":"Point","coordinates":[76.943024,43.250335]},"properties":{"id":"krisha:stolichnyj-centr","category":"apartments","name":"ЖК Столичный Центр","builder":"BAZIS–А","address":"Алматы, Алмалинский р-н, ул. Кабанбай батыра, 87, пр. Абылай хана, 92","status":"in_progress","deadline":"2004-03-31","started_at":null,"stage_note":null,"source_url":"https://krisha.kz/complex/show/almaty/stolichnyj-centr/","updated_at":"2026-09-14T09:36:23+00:00"}},
{"type":"Feature","id":"krisha:sun-garden","geometry":{"type":"Point","coordinates":[76.918464,43.192608]},"properties":{"id":"krisha:sun-garden","category":"apartments","name":"Коттеджный городок Sun Garden","builder":"Concrete ТОО","address":"Алматы, Бостандыкский р-н, ул. Алмалы, 9","status":"in_progress","deadline":"2018-12-31","started_at":null,"stage_note":null,"source_url":"https://krisha.kz/complex/show/sun-garden/","updated_at":"2026-09-14T09:26:36+00:00"}},
{"type":"Feature","id":"krisha:sun-villa","geometry":{"type":"Point","coordinates":[76.869174,43.194227]},"properties":{"id":"krisha:sun-villa","category":"apartments","name":"Коттеджный городок Кунбел (Sun Villa)","builder":"BAZIS–А","address":"Алматы, Бостандыкский р-н, Мусабаева 19, 21, 23, 25","status":"in_progress","deadline":"2013-06-30","started_at":null,"stage_note":"2 очереди, последняя — Q2 2013","source_url":"https://krisha.kz/complex/show/almaty/sun-villa/","updated_at":"2026-09-14T09:34:45+00:00"}},
{"type":"Feature","id":"krisha:sundayterrace","geometry":{"type":"Point","coordinates":[76.813031,43.186868]},"properties":{"id":"krisha:sundayterrace","category":"apartments","name":"Таунхаус Sunday Terrace на Айтматова","builder":"ТОО ЖВК","address":"Алматы, ул. Шынгыс Айтматов, 87/1","status":"in_progress","deadline":"2024-06-30","started_at":"2022-01-01","stage_note":null,"source_url":"https://krisha.kz/complex/show/almaty/sundayterrace/","updated_at":"2026-09-14T07:45:15+00:00"}},
{"type":"Feature","id":"krisha:sunhills","geometry":{"type":"Point","coordinates":[76.917429,43.191608]},"properties":{"id":"krisha:sunhills","category":"apartments","name":"ЖК Sun Hills","builder":"TS Com","address":"Алматы, Бостандыкский р-н, мкрн Ерменсай, ул. Колсай","status":"in_progress","deadline":"2019-12-31","started_at":null,"stage_note":null,"source_url":"https://krisha.kz/complex/show/almaty/sunhills/","updated_at":"2026-09-14T09:24:56+00:00"}},
{"type":"Feature","id":"krisha:sunkar","geometry":{"type":"Point","coordinates":[76.957496,43.249389]},"properties":{"id":"krisha:sunkar","category":"apartments","name":"ЖК Сункар","builder":"Тенгиз Строй","address":"Алматы, Медеуский р-н, Зенкова, 59 — Кабанбай батыра","status":"in_progress","deadline":"2011-09-30","started_at":null,"stage_note":null,"source_url":"https://krisha.kz/complex/show/almaty/sunkar/","updated_at":"2026-09-14T09:32:26+00:00"}},
{"type":"Feature","id":"krisha:sunnyvillage","geometry":{"type":"Point","coordinates":[76.939772,43.202913]},"properties":{"id":"krisha:sunnyvillage","category":"apartments","name":"ЖК Sunny Village","builder":"Хансеитов Батыр","address":"Алматы, Медеуский р-н, Аскар Тау, 364","status":"done","deadline":"2022-06-30","started_at":"2022-01-01","stage_note":null,"source_url":"https://krisha.kz/complex/show/almaty/sunnyvillage/","updated_at":"2026-09-14T07:40:52+00:00"}},
{"type":"Feature","id":"krisha:sunrisevillage","geometry":{"type":"Point","coordinates":[76.909013,43.168208]},"properties":{"id":"krisha:sunrisevillage","category":"apartments","name":"Коттеджный городок Sunrise Village","builder":"Asia BS Group","address":"Алматы, Бостандыкский р-н, ул. Какимбека Салыкова, 48\\4","status":"in_progress","deadline":"2024-12-31","started_at":"2023-01-01","stage_note":null,"source_url":"https://krisha.kz/complex/show/almaty/sunrisevillage/","updated_at":"2026-09-14T07:45:56+00:00"}},
{"type":"Feature","id":"krisha:sweethomemiras","geometry":{"type":"Point","coordinates":[76.864101,43.185561]},"properties":{"id":"krisha:sweethomemiras","category":"apartments","name":"ЖК Sweet Home Miras","builder":"Sweet Home Miras","address":"Алматы, Наурызбайский р-н, ул. Култобе, 12, 12, корп. 1","status":"in_progress","deadline":"2018-12-31","started_at":null,"stage_note":null,"source_url":"https://krisha.kz/complex/show/almaty/sweethomemiras/","updated_at":"2026-09-14T09:26:40+00:00"}},
{"type":"Feature","id":"krisha:syattilik","geometry":{"type":"Point","coordinates":[76.90172,43.167109]},"properties":{"id":"krisha:syattilik","category":"apartments","name":"ЖК Syattilik","builder":"ТОО VIP жильё","address":"Алматы, Микрорайон Нурлытау","status":"in_progress","deadline":"2021-12-31","started_at":null,"stage_note":null,"source_url":"https://krisha.kz/complex/show/almaty/syattilik/","updated_at":"2026-09-14T09:22:28+00:00"}},
{"type":"Feature","id":"krisha:synergytowers","geometry":{"type":"Point","coordinates":[76.933843,43.223099]},"properties":{"id":"krisha:synergytowers","category":"apartments","name":"ЖК Synergy Towers","builder":"ТОО Synergy Build","address":"Алматы, ул. Касымова, 31","status":"in_progress","deadline":"2028-12-31","started_at":null,"stage_note":null,"source_url":"https://krisha.kz/complex/show/almaty/synergytowers/","updated_at":"2026-09-14T07:41:17+00:00"}},
{"type":"Feature","id":"krisha:talisman","geometry":{"type":"Point","coordinates":[76.911678,43.206741]},"properties":{"id":"krisha:talisman","category":"apartments","name":"ЖК Талисман","builder":"BAZIS–А","address":"Алматы, Бостандыкский р-н, ул. Ходжанова, 76, 76, к.1, 78, 78, к.1–3 – Аль-Фараби","status":"in_progress","deadline":"2007-06-30","started_at":null,"stage_note":null,"source_url":"https://krisha.kz/complex/show/almaty/talisman/","updated_at":"2026-09-14T09:34:57+00:00"}},
{"type":"Feature","id":"krisha:tamarixcity","geometry":{"type":"Point","coordinates":[76.998867,43.302329]},"properties":{"id":"krisha:tamarixcity","category":"apartments","name":"ЖК Tamarix City","builder":"Exclusive Qurylys","address":"Алматы, Турксибский р-н, Район рынкка \"Жетысу-Семиречье\", Микрорайон Кайрат","status":"done","deadline":"2023-06-30","started_at":"2022-01-01","stage_note":"3 очереди сданы","source_url":"https://krisha.kz/complex/show/almaty/tamarixcity/","updated_at":"2026-09-14T07:48:19+00:00"}},
{"type":"Feature","id":"krisha:tamgaresidence","geometry":{"type":"Point","coordinates":[76.948594,43.209798]},"properties":{"id":"krisha:tamgaresidence","category":"apartments","name":"Клубный дом Tamga Residence","builder":"BI Group Юг","address":"Алматы, Медеуский р-н, ул. Городская, 3","status":"in_progress","deadline":"2026-09-30","started_at":"2025-07-01","stage_note":null,"source_url":"https://krisha.kz/complex/show/almaty/tamgaresidence/","updated_at":"2026-09-14T07:42:14+00:00"}},
{"type":"Feature","id":"krisha:tan-nury","geometry":{"type":"Point","coordinates":[76.868892,43.184687]},"properties":{"id":"krisha:tan-nury","category":"apartments","name":"ЖК Тан Нуры","builder":"Falcon Petroleum","address":"Алматы, Бостандыкский р-н, мкр. Мирас, 128","status":"done","deadline":"2013-06-30","started_at":"2022-01-01","stage_note":null,"source_url":"https://krisha.kz/complex/show/almaty/tan-nury/","updated_at":"2026-09-14T09:31:09+00:00"}},
{"type":"Feature","id":"krisha:tarlan","geometry":{"type":"Point","coordinates":[76.921168,43.264348]},"properties":{"id":"krisha:tarlan","category":"apartments","name":"ЖК Tarlan","builder":"SVOYDOM","address":"Алматы, Алмалинский р-н, Макатаева - Байтурсынова","status":"in_progress","deadline":"2026-12-31","started_at":null,"stage_note":null,"source_url":"https://krisha.kz/complex/show/almaty/tarlan/","updated_at":"2026-09-14T07:42:22+00:00"}},
{"type":"Feature","id":"krisha:tau-house","geometry":{"type":"Point","coordinates":[76.951913,43.220981]},"properties":{"id":"krisha:tau-house","category":"apartments","name":"ЖК Tau-House","builder":"Tau-house development","address":"Алматы, Медеуский р-н, ул. Тайманова, 136","status":"in_progress","deadline":"2017-06-30","started_at":null,"stage_note":null,"source_url":"https://krisha.kz/complex/show/tau-house/","updated_at":"2026-09-14T09:27:54+00:00"}},
{"type":"Feature","id":"krisha:tau-kargaly","geometry":{"type":"Point","coordinates":[76.864482,43.177531]},"properties":{"id":"krisha:tau-kargaly","category":"apartments","name":"ЖК Тау Каргалы","builder":"ЖСК Алматы","address":"Алматы, ул. Кенесары хана, 98","status":"in_progress","deadline":"2017-12-31","started_at":null,"stage_note":null,"source_url":"https://krisha.kz/complex/show/tau-kargaly/","updated_at":"2026-09-14T09:28:01+00:00"}},
{"type":"Feature","id":"krisha:tau-samal-kg","geometry":{"type":"Point","coordinates":[76.810985,43.205558]},"properties":{"id":"krisha:tau-samal-kg","category":"apartments","name":"Коттеджный городок Тау Самал","builder":"ЖСК Алматы","address":"Алматы, Наурызбайский р-н, мкр «Тау Самал», ул. Ашимова, 98","status":"in_progress","deadline":"2011-12-31","started_at":null,"stage_note":null,"source_url":"https://krisha.kz/complex/show/almaty/tau-samal-kg/","updated_at":"2026-09-14T09:32:23+00:00"}},
{"type":"Feature","id":"krisha:tau-samal-na-mendykulova","geometry":{"type":"Point","coordinates":[76.95231,43.236096]},"properties":{"id":"krisha:tau-samal-na-mendykulova","category":"apartments","name":"ЖК Тау Самал на Мендыкулова","builder":"ТОО СК Элитстрой","address":"Алматы, Медеуский р-н, мкр «Самал-1», 29","status":"in_progress","deadline":"2008-09-30","started_at":null,"stage_note":null,"source_url":"https://krisha.kz/complex/show/almaty/tau-samal-na-mendykulova/","updated_at":"2026-09-14T09:34:09+00:00"}},
{"type":"Feature","id":"krisha:tau-samal-na-navoi","geometry":{"type":"Point","coordinates":[76.883221,43.21542]},"properties":{"id":"krisha:tau-samal-na-navoi","category":"apartments","name":"ЖК Тау Самал на Навои","builder":"Halyk Active","address":"Алматы, Ауэзовский р-н, ул. Навои, 58, 60, 62, 66, 68, 70, 72, 74","status":"in_progress","deadline":"2012-06-30","started_at":null,"stage_note":"2 очереди, последняя — Q2 2012","source_url":"https://krisha.kz/complex/show/almaty/tau-samal-na-navoi/","updated_at":"2026-09-14T09:34:49+00:00"}},
{"type":"Feature","id":"krisha:tau-shatyr","geometry":{"type":"Point","coordinates":[76.949959,43.210745]},"properties":{"id":"krisha:tau-shatyr","category":"apartments","name":"ЖК Тау Шатыр","builder":"KazBuild Development","address":"Алматы, Медеуский р-н, ул. Жамакаева, 254/2","status":"in_progress","deadline":"2017-09-30","started_at":"2022-01-01","stage_note":null,"source_url":"https://krisha.kz/complex/show/almaty/tau-shatyr/","updated_at":"2026-09-14T09:28:17+00:00"}},
{"type":"Feature","id":"krisha:taudala","geometry":{"type":"Point","coordinates":[77.174174,43.370323]},"properties":{"id":"krisha:taudala","category":"apartments","name":"Коттеджный городок Тау Дала","builder":"Тау Дала","address":"Алматы, пос. Алатау","status":"in_progress","deadline":"2017-12-31","started_at":null,"stage_note":null,"source_url":"https://krisha.kz/complex/show/almaty/taudala/","updated_at":"2026-09-14T09:27:37+00:00"}},
{"type":"Feature","id":"krisha:taudavilla","geometry":{"type":"Point","coordinates":[76.905904,43.172089]},"properties":{"id":"krisha:taudavilla","category":"apartments","name":"Коттеджный городок Tauda Villa 3.0","builder":"Tauda Construсtion","address":"Алматы, Бостандыкский р-н, ул. 14, уч. 27/1","status":"in_progress","deadline":"2023-06-30","started_at":"2023-01-01","stage_note":null,"source_url":"https://krisha.kz/complex/show/almaty/taudavilla/","updated_at":"2026-09-14T07:46:06+00:00"}},
{"type":"Feature","id":"krisha:taugul","geometry":{"type":"Point","coordinates":[76.878591,43.213698]},"properties":{"id":"krisha:taugul","category":"apartments","name":"ЖК Taugul","builder":"BI Group Юг","address":"Алматы, Ауэзовский р-н, вдоль улицы Сулейменова","status":"done","deadline":"2022-12-31","started_at":"2022-01-01","stage_note":null,"source_url":"https://krisha.kz/complex/show/almaty/taugul/","updated_at":"2026-09-14T07:50:03+00:00"}},
{"type":"Feature","id":"krisha:taulan","geometry":{"type":"Point","coordinates":[76.899038,43.259853]},"properties":{"id":"krisha:taulan","category":"apartments","name":"ЖК TAULAN","builder":"BAZIS–А","address":"Алматы, ул. Райымбека, 210/8","status":"in_progress","deadline":"2031-09-30","started_at":null,"stage_note":null,"source_url":"https://krisha.kz/complex/show/almaty/taulan/","updated_at":"2026-09-14T07:40:54+00:00"}},
{"type":"Feature","id":"krisha:taunhaus","geometry":{"type":"Point","coordinates":[76.936181,43.225142]},"properties":{"id":"krisha:taunhaus","category":"apartments","name":"ЖК Нахимова 16","builder":"МАК Алматыгорстрой АO","address":"Алматы, ул. Нахимова, 16 — Аль-Фараби","status":"in_progress","deadline":"2017-09-30","started_at":null,"stage_note":null,"source_url":"https://krisha.kz/complex/show/almaty/taunhaus/","updated_at":"2026-09-14T09:27:14+00:00"}},
{"type":"Feature","id":"krisha:taunhausy-miras","geometry":{"type":"Point","coordinates":[76.872122,43.184772]},"properties":{"id":"krisha:taunhausy-miras","category":"apartments","name":"ЖК Таунхаусы «Мирас»","builder":"DIAL GROUP","address":"Алматы, Бостандыкский р-н, мкр «Мирас», 149/1","status":"in_progress","deadline":"2017-09-30","started_at":null,"stage_note":null,"source_url":"https://krisha.kz/complex/show/taunhausy-miras/","updated_at":"2026-09-14T09:28:13+00:00"}},
{"type":"Feature","id":"krisha:taymas","geometry":{"type":"Point","coordinates":[76.881849,43.217591]},"properties":{"id":"krisha:taymas","category":"apartments","name":"ЖК TAYMAS","builder":"SVOYDOM","address":"Алматы, Ауэзовский р-н, ул. Навои, 58/4","status":"in_progress","deadline":"2026-03-31","started_at":"2025-07-01","stage_note":"2 очереди, последняя — Q1 2026","source_url":"https://krisha.kz/complex/show/almaty/taymas/","updated_at":"2026-09-14T07:43:46+00:00"}},
{"type":"Feature","id":"krisha:teatralnyj","geometry":{"type":"Point","coordinates":[76.915723,43.243689]},"properties":{"id":"krisha:teatralnyj","category":"apartments","name":"ЖК Театральный","builder":"SV Mega-Stroy ТОО","address":"Алматы, Алмалинский р-н, ул. Муканова, 241","status":"in_progress","deadline":"2011-06-30","started_at":null,"stage_note":null,"source_url":"https://krisha.kz/complex/show/almaty/teatralnyj/","updated_at":"2026-09-14T09:32:30+00:00"}},
{"type":"Feature","id":"krisha:tengiz-taujers","geometry":{"type":"Point","coordinates":[76.921351,43.234843]},"properties":{"id":"krisha:tengiz-taujers","category":"apartments","name":"ЖК Тенгиз Тауэрс","builder":"Тенгиз Строй","address":"Алматы, Бостандыкский р-н, Сатпаева — Кожамкулова","status":"in_progress","deadline":"2016-06-30","started_at":null,"stage_note":null,"source_url":"https://krisha.kz/complex/show/almaty/tengiz-taujers/","updated_at":"2026-09-14T09:29:12+00:00"}},
{"type":"Feature","id":"krisha:terekti2","geometry":{"type":"Point","coordinates":[76.791007,43.249479]},"properties":{"id":"krisha:terekti2","category":"apartments","name":"ЖК Terekti","builder":"Monolit Group","address":"Алматы, Алатауский р-н, ул. Устирт, 5, 5/1-4","status":"in_progress","deadline":"2023-12-31","started_at":null,"stage_note":null,"source_url":"https://krisha.kz/complex/show/almaty/terekti2/","updated_at":"2026-09-14T07:47:42+00:00"}},
{"type":"Feature","id":"krisha:teremki","geometry":{"type":"Point","coordinates":[76.939828,43.32919]},"properties":{"id":"krisha:teremki","category":"apartments","name":"ЖК Теремки","builder":"Qazaqstroy","address":"Алматы, Турксибский р-н, проспект Сейфуллина, 51","status":"done","deadline":"2022-06-30","started_at":"2022-01-01","stage_note":"2 очереди сданы","source_url":"https://krisha.kz/complex/show/almaty/teremki/","updated_at":"2026-09-14T09:22:29+00:00"}},
{"type":"Feature","id":"krisha:terra","geometry":{"type":"Point","coordinates":[76.897194,43.211366]},"properties":{"id":"krisha:terra","category":"apartments","name":"ЖК Terra","builder":"Tau Development","address":"Алматы, Бостандыкский р-н, пр. Гагарина, 233","status":"done","deadline":"2022-06-30","started_at":"2022-01-01","stage_note":"2 очереди сданы","source_url":"https://krisha.kz/complex/show/terra/","updated_at":"2026-09-14T09:23:58+00:00"}},
{"type":"Feature","id":"krisha:terracotta","geometry":{"type":"Point","coordinates":[76.879343,43.236716]},"properties":{"id":"krisha:terracotta","category":"apartments","name":"ЖК Terracotta","builder":"Qazaqstroy","address":"Алматы, Бостандыкский р-н, ул. Абая - ул. Брусиловского","status":"done","deadline":"2022-09-30","started_at":null,"stage_note":"2 очереди сданы","source_url":"https://krisha.kz/complex/show/almaty/terracotta/","updated_at":"2026-09-14T07:50:04+00:00"}},
{"type":"Feature","id":"krisha:terrenkur","geometry":{"type":"Point","coordinates":[76.960146,43.236791]},"properties":{"id":"krisha:terrenkur","category":"apartments","name":"ЖК Терренкур","builder":"Silkway construction","address":"Алматы, Медеуский р-н, Достык — Сатпаева","status":"in_progress","deadline":"2006-06-30","started_at":null,"stage_note":null,"source_url":"https://krisha.kz/complex/show/almaty/terrenkur/","updated_at":"2026-09-14T09:35:33+00:00"}},
{"type":"Feature","id":"krisha:terrenkurterrace","geometry":{"type":"Point","coordinates":[76.969699,43.219071]},"properties":{"id":"krisha:terrenkurterrace","category":"apartments","name":"ЖК Terrenkur Terrace","builder":"Есентай Строй","address":"Алматы, Медеуский р-н, ул. Таттимбета, 86","status":"in_progress","deadline":"2020-06-30","started_at":null,"stage_note":null,"source_url":"https://krisha.kz/complex/show/almaty/terrenkurterrace/","updated_at":"2026-09-14T09:24:02+00:00"}},
{"type":"Feature","id":"krisha:titultown","geometry":{"type":"Point","coordinates":[76.831838,43.296475]},"properties":{"id":"krisha:titultown","category":"apartments","name":"ЖК Titul Town","builder":"IQONIQ Construction","address":"Алматы, Алатауский р-н, ул. 7, 142/92","status":"done","deadline":"2025-12-31","started_at":"2023-10-01","stage_note":"3 очереди сданы","source_url":"https://krisha.kz/complex/show/almaty/titultown/","updated_at":"2026-09-14T07:47:43+00:00"}},
{"type":"Feature","id":"krisha:tjurkuaz-taujers","geometry":{"type":"Point","coordinates":[76.954712,43.226351]},"properties":{"id":"krisha:tjurkuaz-taujers","category":"apartments","name":"ЖК Тюркуаз Тауэрс","builder":"Туркуаз Инвест","address":"Алматы, Медеуский р-н, Самал, 3-й микрорайон, 22","status":"in_progress","deadline":"2005-06-30","started_at":null,"stage_note":null,"source_url":"https://krisha.kz/complex/show/almaty/tjurkuaz-taujers/","updated_at":"2026-09-14T09:35:53+00:00"}},
{"type":"Feature","id":"krisha:tole-bi-tau","geometry":{"type":"Point","coordinates":[76.873768,43.202408]},"properties":{"id":"krisha:tole-bi-tau","category":"apartments","name":"ЖК Толе би Тау","builder":"Бейбарыс Продактс","address":"Алматы, Бостандыкский р-н, ул. Торайгырова, 19а – Мустафина","status":"in_progress","deadline":"2011-12-31","started_at":null,"stage_note":null,"source_url":"https://krisha.kz/complex/show/almaty/tole-bi-tau/","updated_at":"2026-09-14T09:32:11+00:00"}},
{"type":"Feature","id":"krisha:tri-bogatyrja","geometry":{"type":"Point","coordinates":[76.957539,43.248909]},"properties":{"id":"krisha:tri-bogatyrja","category":"apartments","name":"ЖК Три Богатыря","builder":"ЖСК Алматы","address":"Алматы, Медеуский р-н, ул. Достык, 44","status":"in_progress","deadline":null,"started_at":null,"stage_note":null,"source_url":"https://krisha.kz/complex/show/almaty/tri-bogatyrja/","updated_at":"2026-09-14T09:36:53+00:00"}},
{"type":"Feature","id":"krisha:triumf-1","geometry":{"type":"Point","coordinates":[76.95028,43.231157]},"properties":{"id":"krisha:triumf-1","category":"apartments","name":"ЖК Триумф 1","builder":"BAZIS–А","address":"Алматы, Медеуский р-н, мкр «Самал-2», Фурманова, 67","status":"in_progress","deadline":"2004-03-31","started_at":null,"stage_note":null,"source_url":"https://krisha.kz/complex/show/almaty/triumf-1/","updated_at":"2026-09-14T09:35:57+00:00"}},
{"type":"Feature","id":"krisha:triumf-2","geometry":{"type":"Point","coordinates":[76.950983,43.230685]},"properties":{"id":"krisha:triumf-2","category":"apartments","name":"ЖК Триумф 2","builder":"BAZIS–А","address":"Алматы, Медеуский р-н, мкр «Самал-2», Фурманова, 63","status":"in_progress","deadline":"2004-03-31","started_at":null,"stage_note":null,"source_url":"https://krisha.kz/complex/show/almaty/triumf-2/","updated_at":"2026-09-14T09:36:03+00:00"}},
{"type":"Feature","id":"krisha:tumanbaymoldagaliyev","geometry":{"type":"Point","coordinates":[76.950053,43.33279]},"properties":{"id":"krisha:tumanbaymoldagaliyev","category":"apartments","name":"ЖК TUMANBAY MOLDAGALIYEV","builder":"KazSMU","address":"Алматы, Турксибский р-н, Молдагалиева","status":"in_progress","deadline":"2027-06-30","started_at":"2025-07-01","stage_note":"3-я очередь из 3, сдача Q2 2027","source_url":"https://krisha.kz/complex/show/almaty/tumanbaymoldagaliyev/","updated_at":"2026-09-14T07:42:05+00:00"}},
{"type":"Feature","id":"krisha:tumar","geometry":{"type":"Point","coordinates":[76.892286,43.232289]},"properties":{"id":"krisha:tumar","category":"apartments","name":"ЖК Tumar","builder":"Корпорация ВЕК","address":"Алматы, Бостандыкский р-н, ул. Радостовца, 165/1","status":"done","deadline":"2025-06-30","started_at":"2023-01-01","stage_note":null,"source_url":"https://krisha.kz/complex/show/almaty/tumar/","updated_at":"2026-09-14T07:40:47+00:00"}},
{"type":"Feature","id":"krisha:turan","geometry":{"type":"Point","coordinates":[77.016899,43.332273]},"properties":{"id":"krisha:turan","category":"apartments","name":"ЖК Turan","builder":"Myntas Stroy","address":"Алматы, Турксибский р-н, улица Санлак 2","status":"in_progress","deadline":"2026-12-31","started_at":"2025-07-01","stage_note":null,"source_url":"https://krisha.kz/complex/show/almaty/turan/","updated_at":"2026-09-14T07:42:24+00:00"}},
{"type":"Feature","id":"krisha:turar","geometry":{"type":"Point","coordinates":[76.995815,43.297498]},"properties":{"id":"krisha:turar","category":"apartments","name":"ЖК Турар","builder":"Тумар Строй Инвест","address":"Алматы, Турксибский р-н, ул. Туркестан, 115","status":"in_progress","deadline":"2026-12-31","started_at":"2023-10-01","stage_note":"2-я очередь из 2, сдача Q4 2026","source_url":"https://krisha.kz/complex/show/almaty/turar/","updated_at":"2026-09-14T07:45:58+00:00"}},
{"type":"Feature","id":"krisha:ulytau","geometry":{"type":"Point","coordinates":[76.784517,43.20906]},"properties":{"id":"krisha:ulytau","category":"apartments","name":"ЖК Ulytau","builder":"Qazaqstroy","address":"Алматы, Наурызбайский р-н, мкрн Шугыла, 340/5","status":"in_progress","deadline":"2025-03-31","started_at":"2025-07-01","stage_note":null,"source_url":"https://krisha.kz/complex/show/almaty/ulytau/","updated_at":"2026-09-14T07:43:49+00:00"}},
{"type":"Feature","id":"krisha:umai","geometry":{"type":"Point","coordinates":[76.929558,43.26665]},"properties":{"id":"krisha:umai","category":"apartments","name":"ЖК UMAI","builder":"SVOYDOM","address":"Алматы, Алмалинский р-н, ул. Сейфуллина, 469а/1","status":"in_progress","deadline":"2024-09-30","started_at":null,"stage_note":null,"source_url":"https://krisha.kz/complex/show/almaty/umai/","updated_at":"2026-09-14T07:46:00+00:00"}},
{"type":"Feature","id":"krisha:union","geometry":{"type":"Point","coordinates":[76.900632,43.216366]},"properties":{"id":"krisha:union","category":"apartments","name":"ЖК Union","builder":"Time Group","address":"Алматы, Бостандыкский р-н, ул. Си Синхая, 17","status":"in_progress","deadline":"2022-12-31","started_at":"2022-01-01","stage_note":null,"source_url":"https://krisha.kz/complex/show/almaty/union/","updated_at":"2026-09-14T07:50:06+00:00"}},
{"type":"Feature","id":"krisha:ush-konir","geometry":{"type":"Point","coordinates":[76.945721,43.268967]},"properties":{"id":"krisha:ush-konir","category":"apartments","name":"ЖК Ush Qonyr","builder":"KB Development","address":"Алматы, Медеуский р-н, ул. Назарбаева, ул. Маметовой","status":"in_progress","deadline":"2023-03-31","started_at":"2022-01-01","stage_note":"4 очереди, последняя — Q1 2023","source_url":"https://krisha.kz/complex/show/almaty/ush-konir/","updated_at":"2026-09-14T09:23:52+00:00"}},
{"type":"Feature","id":"krisha:ush-sunkar","geometry":{"type":"Point","coordinates":[76.832494,43.231097]},"properties":{"id":"krisha:ush-sunkar","category":"apartments","name":"ЖК Уш Сункар","builder":"Interstroy Engineering","address":"Алматы, Ауэзовский р-н, микрорайон Аксай 5, дом 25","status":"in_progress","deadline":"2020-06-30","started_at":null,"stage_note":"3 очереди, последняя — Q2 2020","source_url":"https://krisha.kz/complex/show/ush-sunkar/","updated_at":"2026-09-14T09:28:21+00:00"}},
{"type":"Feature","id":"krisha:ushtobe","geometry":{"type":"Point","coordinates":[76.852786,43.230378]},"properties":{"id":"krisha:ushtobe","category":"apartments","name":"ЖК Уш-Тобе","builder":"Halyk Active","address":"Алматы, Ауэзовский р-н, 1-й микрорайон, 26а","status":"in_progress","deadline":"2010-09-30","started_at":null,"stage_note":null,"source_url":"https://krisha.kz/complex/show/almaty/ushtobe/","updated_at":"2026-09-14T09:32:46+00:00"}},
{"type":"Feature","id":"krisha:varlamova","geometry":{"type":"Point","coordinates":[76.869882,43.24548]},"properties":{"id":"krisha:varlamova","category":"apartments","name":"ЖК Varlamova","builder":"Поток-8","address":"Алматы, Алмалинский р-н, ул.Варламова, 1/3","status":"in_progress","deadline":"2021-06-30","started_at":"2022-01-01","stage_note":"3 очереди, последняя — Q2 2021","source_url":"https://krisha.kz/complex/show/almaty/varlamova/","updated_at":"2026-09-14T09:24:04+00:00"}},
{"type":"Feature","id":"krisha:vavilon","geometry":{"type":"Point","coordinates":[76.893677,43.204379]},"properties":{"id":"krisha:vavilon","category":"apartments","name":"ЖК Вавилон","builder":"Тамерлан ТОО","address":"Алматы, Бостандыкский р-н, ул. Розыбакиева, 247","status":"in_progress","deadline":"2016-12-31","started_at":null,"stage_note":null,"source_url":"https://krisha.kz/complex/show/vavilon/","updated_at":"2026-09-14T09:29:16+00:00"}},
{"type":"Feature","id":"krisha:vek-na-bajganina","geometry":{"type":"Point","coordinates":[76.910715,43.246554]},"properties":{"id":"krisha:vek-na-bajganina","category":"apartments","name":"ЖК ВЕК на Байганина","builder":"Корпорация ВЕК","address":"Алматы, Алмалинский р-н, Байганина — Кабанбай батыра","status":"in_progress","deadline":"2007-09-30","started_at":null,"stage_note":null,"source_url":"https://krisha.kz/complex/show/almaty/vek-na-bajganina/","updated_at":"2026-09-14T09:34:25+00:00"}},
{"type":"Feature","id":"krisha:vendome","geometry":{"type":"Point","coordinates":[76.964065,43.202692]},"properties":{"id":"krisha:vendome","category":"apartments","name":"ЖК Vendome","builder":"ТОО AKSU Group LTD","address":"Алматы, Медеуский р-н, ул. Оспанова, 83/36","status":"in_progress","deadline":"2025-12-31","started_at":"2025-01-01","stage_note":null,"source_url":"https://krisha.kz/complex/show/almaty/vendome/","updated_at":"2026-09-14T07:43:51+00:00"}},
{"type":"Feature","id":"krisha:venskiy-dom","geometry":{"type":"Point","coordinates":[76.911882,43.197927]},"properties":{"id":"krisha:venskiy-dom","category":"apartments","name":"ЖК Венский дом","builder":"Globus Invest Group","address":"Алматы, Бостандыкский р-н, ул. Сыргабекова, 55","status":"in_progress","deadline":"2019-06-30","started_at":"2022-01-01","stage_note":null,"source_url":"https://krisha.kz/complex/show/venskiy-dom/","updated_at":"2026-09-14T09:26:23+00:00"}},
{"type":"Feature","id":"krisha:verdi","geometry":{"type":"Point","coordinates":[76.885366,43.227798]},"properties":{"id":"krisha:verdi","category":"apartments","name":"ЖК Verdi","builder":"BI Group Юг","address":"Алматы, Бостандыкский р-н, Переулок Лебедева, 1/1","status":"in_progress","deadline":"2025-12-31","started_at":"2025-07-01","stage_note":null,"source_url":"https://krisha.kz/complex/show/almaty/verdi/","updated_at":"2026-09-14T07:43:52+00:00"}},
{"type":"Feature","id":"krisha:vernyi","geometry":{"type":"Point","coordinates":[76.889484,43.197413]},"properties":{"id":"krisha:vernyi","category":"apartments","name":"ЖК Верный","builder":"АО «НСК Астана Курылыс»","address":"Алматы, Бостандыкский р-н, ул. Навои, 323","status":"in_progress","deadline":"2019-12-31","started_at":null,"stage_note":null,"source_url":"https://krisha.kz/complex/show/almaty/vernyi/","updated_at":"2026-09-14T09:25:36+00:00"}},
{"type":"Feature","id":"krisha:versal","geometry":{"type":"Point","coordinates":[76.957798,43.247392]},"properties":{"id":"krisha:versal","category":"apartments","name":"ЖК Версаль","builder":"BAZIS–А","address":"Алматы, Медеуский р-н, ул. Зенкова, 75, Шевченко, 7","status":"in_progress","deadline":"2005-03-31","started_at":null,"stage_note":null,"source_url":"https://krisha.kz/complex/show/almaty/versal/","updated_at":"2026-09-14T09:35:55+00:00"}},
{"type":"Feature","id":"krisha:vertexgarden","geometry":{"type":"Point","coordinates":[76.978639,43.259733]},"properties":{"id":"krisha:vertexgarden","category":"apartments","name":"ЖК Vertex Garden","builder":"Vertex AG","address":"Алматы, Медеуский р-н, ул. Талгата Бигельдинова, 138","status":"in_progress","deadline":"2026-12-31","started_at":"2025-07-01","stage_note":null,"source_url":"https://krisha.kz/complex/show/almaty/vertexgarden/","updated_at":"2026-09-14T07:40:17+00:00"}},
{"type":"Feature","id":"krisha:vesna","geometry":{"type":"Point","coordinates":[76.914004,43.257128]},"properties":{"id":"krisha:vesna","category":"apartments","name":"ЖК Весна","builder":"Newmark","address":"Алматы, Алмалинский р-н, ул. Муканова, 159 – Гоголя","status":"in_progress","deadline":"2016-06-30","started_at":null,"stage_note":null,"source_url":"https://krisha.kz/complex/show/almaty/vesna/","updated_at":"2026-09-14T09:29:17+00:00"}},
{"type":"Feature","id":"krisha:vesnovka","geometry":{"type":"Point","coordinates":[76.916654,43.246985]},"properties":{"id":"krisha:vesnovka","category":"apartments","name":"ЖК Vesnovka","builder":"KB Development","address":"Алматы, ул. Муканова, 235","status":"in_progress","deadline":"2023-06-30","started_at":"2022-01-01","stage_note":null,"source_url":"https://krisha.kz/complex/show/almaty/vesnovka/","updated_at":"2026-09-14T07:47:45+00:00"}},
{"type":"Feature","id":"krisha:vesper","geometry":{"type":"Point","coordinates":[76.936577,43.226203]},"properties":{"id":"krisha:vesper","category":"apartments","name":"ЖК Vesper","builder":"BAZIS–А","address":"Алматы, Бостандыкский р-н, Проспект Аль-Фараби и улица Маркова","status":"in_progress","deadline":"2026-12-31","started_at":null,"stage_note":null,"source_url":"https://krisha.kz/complex/show/almaty/vesper/","updated_at":"2026-09-14T07:41:19+00:00"}},
{"type":"Feature","id":"krisha:viktoriya","geometry":{"type":"Point","coordinates":[76.84673,43.220769]},"properties":{"id":"krisha:viktoriya","category":"apartments","name":"ЖК Виктория","builder":"ИП Застройщик","address":"Алматы, Ауэзовский р-н, микрорайон Жетысу-2, 80","status":"in_progress","deadline":"2013-12-31","started_at":null,"stage_note":null,"source_url":"https://krisha.kz/complex/show/almaty/viktoriya/","updated_at":"2026-09-14T09:31:18+00:00"}},
{"type":"Feature","id":"krisha:voshod","geometry":{"type":"Point","coordinates":[76.835113,43.206981]},"properties":{"id":"krisha:voshod","category":"apartments","name":"ЖК Восход","builder":"Тамерлан ТОО","address":"Алматы, Ауэзовский р-н, ул. Афцинао, дом 4","status":"in_progress","deadline":"2017-12-31","started_at":null,"stage_note":null,"source_url":"https://krisha.kz/complex/show/voshod/","updated_at":"2026-09-14T09:28:23+00:00"}},
{"type":"Feature","id":"krisha:vostochka-kz","geometry":{"type":"Point","coordinates":[76.988109,43.288455]},"properties":{"id":"krisha:vostochka-kz","category":"apartments","name":"ЖК Vostochka.kz","builder":"ТОО «Berkut Development»","address":"Алматы, Медеуский р-н, Мкр. Атырау, 158/9","status":"in_progress","deadline":"2020-12-31","started_at":null,"stage_note":"3 очереди, последняя — Q4 2020","source_url":"https://krisha.kz/complex/show/vostochka-kz/","updated_at":"2026-09-14T09:23:37+00:00"}},
{"type":"Feature","id":"krisha:vostochnyy-park","geometry":{"type":"Point","coordinates":[76.963051,43.258939]},"properties":{"id":"krisha:vostochnyy-park","category":"apartments","name":"ЖК Восточный Парк","builder":"Рамс Казахстан","address":"Алматы, Медеуский р-н, ул. Казыбек би – Барибаева","status":"in_progress","deadline":"2018-09-30","started_at":null,"stage_note":null,"source_url":"https://krisha.kz/complex/show/vostochnyy-park/","updated_at":"2026-09-14T09:27:02+00:00"}},
{"type":"Feature","id":"krisha:white-fort","geometry":{"type":"Point","coordinates":[76.955964,43.257086]},"properties":{"id":"krisha:white-fort","category":"apartments","name":"ЖК White Fort","builder":"ProSystem Group","address":"Алматы, Медеуский р-н, пр. Достык, 12 — Казыбек би, 24","status":"in_progress","deadline":"2006-09-30","started_at":null,"stage_note":null,"source_url":"https://krisha.kz/complex/show/almaty/white-fort/","updated_at":"2026-09-14T09:35:14+00:00"}},
{"type":"Feature","id":"krisha:whiteresidence","geometry":{"type":"Point","coordinates":[76.810505,43.20068]},"properties":{"id":"krisha:whiteresidence","category":"apartments","name":"ЖК White Residence","builder":"Tau Development","address":"Алматы, Наурызбайский р-н, мкр. Таусамалы, 49/1","status":"done","deadline":"2027-03-31","started_at":"2025-07-01","stage_note":"2 очереди сданы","source_url":"https://krisha.kz/complex/show/almaty/whiteresidence/","updated_at":"2026-09-14T07:40:10+00:00"}},
{"type":"Feature","id":"krisha:wonderhills","geometry":{"type":"Point","coordinates":[76.92524,43.184405]},"properties":{"id":"krisha:wonderhills","category":"apartments","name":"ЖК Wonder Hills","builder":"GD Group LTD","address":"Алматы, Бостандыкский р-н, мкр Ерменсай","status":"in_progress","deadline":"2023-12-31","started_at":"2023-04-01","stage_note":null,"source_url":"https://krisha.kz/complex/show/almaty/wonderhills/","updated_at":"2026-09-14T07:47:03+00:00"}},
{"type":"Feature","id":"krisha:woodlandvillage","geometry":{"type":"Point","coordinates":[76.982252,43.190929]},"properties":{"id":"krisha:woodlandvillage","category":"apartments","name":"Таунхаус Woodland Village","builder":"Зодчий Казахстан","address":"Алматы, Медеуский р-н, ул. Ладушкина, 89","status":"in_progress","deadline":"2019-12-31","started_at":null,"stage_note":null,"source_url":"https://krisha.kz/complex/show/almaty/woodlandvillage/","updated_at":"2026-09-14T09:25:38+00:00"}},
{"type":"Feature","id":"krisha:y-fithouse","geometry":{"type":"Point","coordinates":[76.838787,43.194041]},"properties":{"id":"krisha:y-fithouse","category":"apartments","name":"ЖК Y-Fit House","builder":"ТОО Ақтілек шатыры","address":"Алматы, Наурызбайский р-н, ул. Герольда Бельгера, 1А","status":"in_progress","deadline":"2021-12-31","started_at":"2022-01-01","stage_note":null,"source_url":"https://krisha.kz/complex/show/almaty/y-fithouse/","updated_at":"2026-09-14T08:21:13+00:00"}},
{"type":"Feature","id":"krisha:yrysty","geometry":{"type":"Point","coordinates":[76.854969,43.266057]},"properties":{"id":"krisha:yrysty","category":"apartments","name":"ЖК Ырысты","builder":"ТОО Алатау Прогресс","address":"Алматы, Алатауский р-н, ул. Ырысты, 46/6, 46/7, 46/8, 46/10, 46/11, 46/12, 46/13","status":"in_progress","deadline":"2023-12-31","started_at":"2022-01-01","stage_note":"3 очереди, последняя — Q4 2023","source_url":"https://krisha.kz/complex/show/almaty/yrysty/","updated_at":"2026-09-14T09:22:32+00:00"}},
{"type":"Feature","id":"krisha:zangar","geometry":{"type":"Point","coordinates":[76.883921,43.218779]},"properties":{"id":"krisha:zangar","category":"apartments","name":"ЖК Zangar","builder":"SVOYDOM","address":"Алматы, Ауэзовский р-н, ул. Навои, 68/1а","status":"in_progress","deadline":"2025-12-31","started_at":null,"stage_note":null,"source_url":"https://krisha.kz/complex/show/almaty/zangar/","updated_at":"2026-09-14T07:43:56+00:00"}},
{"type":"Feature","id":"krisha:zarya","geometry":{"type":"Point","coordinates":[76.888502,43.294607]},"properties":{"id":"krisha:zarya","category":"apartments","name":"ЖК ZARYA","builder":"ТОО Ақтілек шатыры","address":"Алматы, Алатауский р-н, ул. Головацкого, 5","status":"in_progress","deadline":"2021-12-31","started_at":"2022-01-01","stage_note":null,"source_url":"https://krisha.kz/complex/show/almaty/zarya/","updated_at":"2026-09-14T09:22:34+00:00"}},
{"type":"Feature","id":"krisha:zelenaja-dolina","geometry":{"type":"Point","coordinates":[76.979681,43.188535]},"properties":{"id":"krisha:zelenaja-dolina","category":"apartments","name":"ЖК Зеленая Долина","builder":"КазКИР","address":"Алматы, Медеуский р-н, Ладушкина, 150/1–7","status":"in_progress","deadline":"2008-09-30","started_at":null,"stage_note":null,"source_url":"https://krisha.kz/complex/show/almaty/zelenaja-dolina/","updated_at":"2026-09-14T09:33:53+00:00"}},
{"type":"Feature","id":"krisha:zelenyeholmy","geometry":{"type":"Point","coordinates":[76.930267,43.205914]},"properties":{"id":"krisha:zelenyeholmy","category":"apartments","name":"Коттеджный городок Зеленые Холмы","builder":"TOO Таймас Temir Treid","address":"Алматы, Бостандыкский р-н, Аль-Фараби","status":"in_progress","deadline":"2016-12-31","started_at":null,"stage_note":null,"source_url":"https://krisha.kz/complex/show/almaty/zelenyeholmy/","updated_at":"2026-09-14T09:28:51+00:00"}},
{"type":"Feature","id":"krisha:zhagalau","geometry":{"type":"Point","coordinates":[76.872094,43.23892]},"properties":{"id":"krisha:zhagalau","category":"apartments","name":"ЖК Жагалау","builder":"ТОО \"Халык Актив\"","address":"Алматы, ул. Варламова, 33","status":"in_progress","deadline":"2012-06-30","started_at":null,"stage_note":"2 очереди, последняя — Q2 2012","source_url":"https://krisha.kz/complex/show/almaty/zhagalau/","updated_at":"2026-09-14T09:32:48+00:00"}},
{"type":"Feature","id":"krisha:zhajljau","geometry":{"type":"Point","coordinates":[76.876169,43.18187]},"properties":{"id":"krisha:zhajljau","category":"apartments","name":"ЖК Жайляу","builder":"Алматыкурылыс","address":"Алматы, Бостандыкский р-н, мкр “Мирас”, 188/2","status":"in_progress","deadline":"2010-03-31","started_at":null,"stage_note":null,"source_url":"https://krisha.kz/complex/show/almaty/zhajljau/","updated_at":"2026-09-14T09:32:49+00:00"}},
{"type":"Feature","id":"krisha:zhajly","geometry":{"type":"Point","coordinates":[76.866705,43.248857]},"properties":{"id":"krisha:zhajly","category":"apartments","name":"ЖК Жайлы","builder":"Алматыкурылыс","address":"Алматы, Алмалинский р-н, ул. Толе би, 273а — Лихачёва","status":"in_progress","deadline":"2012-12-31","started_at":null,"stage_note":null,"source_url":"https://krisha.kz/complex/show/almaty/zhajly/","updated_at":"2026-09-14T09:31:58+00:00"}},
{"type":"Feature","id":"krisha:zhana-gasyr","geometry":{"type":"Point","coordinates":[76.94197,43.232541]},"properties":{"id":"krisha:zhana-gasyr","category":"apartments","name":"ЖК Жана Гасыр","builder":"Алматы Центр Строй","address":"Алматы, Бостандыкский р-н, ул. Каратаева, 38а","status":"in_progress","deadline":"2004-06-30","started_at":null,"stage_note":null,"source_url":"https://krisha.kz/complex/show/almaty/zhana-gasyr/","updated_at":"2026-09-14T09:36:29+00:00"}},
{"type":"Feature","id":"krisha:zhana-zhetysu","geometry":{"type":"Point","coordinates":[76.840021,43.222646]},"properties":{"id":"krisha:zhana-zhetysu","category":"apartments","name":"ЖК Жана Жетысу","builder":"BI Group Юг","address":"Алматы, Ауэзовский р-н, Жетысу-1, д. 28а","status":"in_progress","deadline":"2018-12-31","started_at":"2022-01-01","stage_note":null,"source_url":"https://krisha.kz/complex/show/zhana-zhetysu/","updated_at":"2026-09-14T09:27:12+00:00"}},
{"type":"Feature","id":"krisha:zhanel-kg","geometry":{"type":"Point","coordinates":[76.988609,43.201375]},"properties":{"id":"krisha:zhanel-kg","category":"apartments","name":"Коттеджный городок ЖанЕл","builder":"ЖСК Алматы","address":"Алматы, Медеуский р-н, п. Юбилейный","status":"in_progress","deadline":"2011-09-30","started_at":null,"stage_note":null,"source_url":"https://krisha.kz/complex/show/almaty/zhanel-kg/","updated_at":"2026-09-14T09:32:17+00:00"}},
{"type":"Feature","id":"krisha:zharkyn","geometry":{"type":"Point","coordinates":[76.900499,43.30392]},"properties":{"id":"krisha:zharkyn","category":"apartments","name":"ЖК ZHARKYN","builder":"Capital Invest Construction","address":"Алматы, Жетысуский р-н, мкр. Кокмайса, 57Б","status":"in_progress","deadline":"2020-06-30","started_at":null,"stage_note":null,"source_url":"https://krisha.kz/complex/show/almaty/zharkyn/","updated_at":"2026-09-14T09:24:06+00:00"}},
{"type":"Feature","id":"krisha:zhasmin","geometry":{"type":"Point","coordinates":[76.924426,43.245822]},"properties":{"id":"krisha:zhasmin","category":"apartments","name":"ЖК Жасмин","builder":"Рамс Казахстан","address":"Алматы, Алмалинский р-н, ул. Досмухамедова,101 – Жамбыла","status":"in_progress","deadline":"2013-06-30","started_at":null,"stage_note":null,"source_url":"https://krisha.kz/complex/show/almaty/zhasmin/","updated_at":"2026-09-14T09:31:19+00:00"}},
{"type":"Feature","id":"krisha:zhasotau","geometry":{"type":"Point","coordinates":[76.993717,43.324446]},"properties":{"id":"krisha:zhasotau","category":"apartments","name":"ЖК Жас Отау","builder":"Азия","address":"Алматы, Турксибский р-н, ПК Кунаева, 358/6","status":"in_progress","deadline":"2023-03-31","started_at":null,"stage_note":null,"source_url":"https://krisha.kz/complex/show/almaty/zhasotau/","updated_at":"2026-09-14T07:47:26+00:00"}},
{"type":"Feature","id":"krisha:zhastar-atameken","geometry":{"type":"Point","coordinates":[76.93464,43.24609]},"properties":{"id":"krisha:zhastar-atameken","category":"apartments","name":"ЖК Жастар Атамекен","builder":"Атамекен","address":"Алматы, Алмалинский р-н, ул. Мауленова, 111 – Шевченко","status":"in_progress","deadline":"2009-09-30","started_at":null,"stage_note":null,"source_url":"https://krisha.kz/complex/show/almaty/zhastar-atameken/","updated_at":"2026-09-14T09:33:04+00:00"}},
{"type":"Feature","id":"krisha:zhastar-mag","geometry":{"type":"Point","coordinates":[76.917302,43.243377]},"properties":{"id":"krisha:zhastar-mag","category":"apartments","name":"ЖК Жастар Mag","builder":"MAG","address":"Алматы, Алмалинский р-н, ул. Курмангазы, 145","status":"in_progress","deadline":"2008-03-31","started_at":null,"stage_note":null,"source_url":"https://krisha.kz/complex/show/almaty/zhastar-mag/","updated_at":"2026-09-14T09:34:07+00:00"}},
{"type":"Feature","id":"krisha:zherujyk","geometry":{"type":"Point","coordinates":[76.948706,43.232133]},"properties":{"id":"krisha:zherujyk","category":"apartments","name":"ЖК Жеруйык","builder":"Atrix Group","address":"Алматы, Медеуский р-н, Назарбаева — Ганди","status":"in_progress","deadline":"2013-03-31","started_at":null,"stage_note":null,"source_url":"https://krisha.kz/complex/show/almaty/zherujyk/","updated_at":"2026-09-14T09:31:21+00:00"}},
{"type":"Feature","id":"krisha:zhetysu","geometry":{"type":"Point","coordinates":[76.839718,43.217669]},"properties":{"id":"krisha:zhetysu","category":"apartments","name":"ЖК Жетысу","builder":"МАК Алматыгорстрой АO","address":"Алматы, Ауэзовский р-н, мкрн Жетысу-1, 50, 51А, 52, 53, 54, 55А","status":"in_progress","deadline":"2019-12-31","started_at":null,"stage_note":null,"source_url":"https://krisha.kz/complex/show/almaty/zhetysu/","updated_at":"2026-09-14T09:25:39+00:00"}},
{"type":"Feature","id":"krisha:zhetysu-4","geometry":{"type":"Point","coordinates":[76.9616,43.266027]},"properties":{"id":"krisha:zhetysu-4","category":"apartments","name":"ЖК Джетысуская 4","builder":"Поток-8","address":"Алматы, ул. Джетысуская 4, уг. ул. Макатаева","status":"in_progress","deadline":"2017-03-31","started_at":null,"stage_note":null,"source_url":"https://krisha.kz/complex/show/zhetysu-4/","updated_at":"2026-09-14T09:27:16+00:00"}},
{"type":"Feature","id":"krisha:zhk-biznes-klassa-exclusive-residence","geometry":{"type":"Point","coordinates":[76.966916,43.251605]},"properties":{"id":"krisha:zhk-biznes-klassa-exclusive-residence","category":"apartments","name":"ЖК Exclusive Residence","builder":"Exclusive Qurylys","address":"Алматы, Медеуский р-н, ул. Кабанбай Батыра, 15 — Бегалина","status":"in_progress","deadline":"2016-06-30","started_at":null,"stage_note":"2 очереди, последняя — Q2 2016","source_url":"https://krisha.kz/complex/show/zhk-biznes-klassa-exclusive-residence/","updated_at":"2026-09-14T09:29:54+00:00"}},
{"type":"Feature","id":"krisha:zhuldyzresidence","geometry":{"type":"Point","coordinates":[76.907466,43.170202]},"properties":{"id":"krisha:zhuldyzresidence","category":"apartments","name":"ЖК Zhuldyz Residence","builder":"TTC Group","address":"Алматы, Бостандыкский р-н, мкр.Нурлытау, 12 улица","status":"in_progress","deadline":"2024-06-30","started_at":"2023-04-01","stage_note":null,"source_url":"https://krisha.kz/complex/show/almaty/zhuldyzresidence/","updated_at":"2026-09-14T07:45:42+00:00"}},
{"type":"Feature","id":"krisha:zodiac","geometry":{"type":"Point","coordinates":[76.894609,43.223355]},"properties":{"id":"krisha:zodiac","category":"apartments","name":"ЖК ZODIAC","builder":"MIDDLEMAN","address":"Алматы, Бостандыкский р-н, Бабаева — Радостовца","status":"in_progress","deadline":"2016-06-30","started_at":null,"stage_note":null,"source_url":"https://krisha.kz/complex/show/zodiac/","updated_at":"2026-09-14T09:29:21+00:00"}},
{"type":"Feature","id":"krisha:zvezda-vostoka","geometry":{"type":"Point","coordinates":[76.925168,43.236593]},"properties":{"id":"krisha:zvezda-vostoka","category":"apartments","name":"ЖК Звезда Востока","builder":"BAZIS–А","address":"Алматы, Бостандыкский р-н, ул. Сатпаева, 24 — Минина","status":"in_progress","deadline":"2004-06-30","started_at":null,"stage_note":null,"source_url":"https://krisha.kz/complex/show/almaty/zvezda-vostoka/","updated_at":"2026-09-14T09:36:48+00:00"}},
{"type":"Feature","id":"krisha:zvezdnyi","geometry":{"type":"Point","coordinates":[76.914597,43.168942]},"properties":{"id":"krisha:zvezdnyi","category":"apartments","name":"Клубный дом Zvezdnyi","builder":"А+Development","address":"Алматы, ул. Жулдыз, 1941","status":"in_progress","deadline":"2021-12-31","started_at":null,"stage_note":null,"source_url":"https://krisha.kz/complex/show/almaty/zvezdnyi/","updated_at":"2026-09-14T09:22:36+00:00"}}
]
}
